image,number
5a971584-ee6d-4394-9a07-6ce8d13db531_1040_188.jpg,17
5a971584-ee6d-4394-9a07-6ce8d13db531_1400_207.jpg,11
5a971584-ee6d-4394-9a07-6ce8d13db531_1448_255.jpg,null
5a971584-ee6d-4394-9a07-6ce8d13db531_1455_255.jpg,null
5a971584-ee6d-4394-9a07-6ce8d13db531_1476_255.jpg,7
5a971584-ee6d-4394-9a07-6ce8d13db531_2130_376.jpg,66
5a971584-ee6d-4394-9a07-6ce8d13db531_2141_376.jpg,44
5a971584-ee6d-4394-9a07-6ce8d13db531_2141_382.jpg,22
5a971584-ee6d-4394-9a07-6ce8d13db531_2367_486.jpg,8
5a971584-ee6d-4394-9a07-6ce8d13db531_4589_768.jpg,18
5a971584-ee6d-4394-9a07-6ce8d13db531_4597_754.jpg,7
5a971584-ee6d-4394-9a07-6ce8d13db531_4613_777.jpg,null
5a971584-ee6d-4394-9a07-6ce8d13db531_5606_1019.jpg,25
5a971584-ee6d-4394-9a07-6ce8d13db531_5638_1019.jpg,0
5a971584-ee6d-4394-9a07-6ce8d13db531_7202_1144.jpg,27
5a971584-ee6d-4394-9a07-6ce8d13db531_7202_1146.jpg,4
5a971584-ee6d-4394-9a07-6ce8d13db531_7202_1136.jpg,66
5a971584-ee6d-4394-9a07-6ce8d13db531_7202_1151.jpg,16
5a971584-ee6d-4394-9a07-6ce8d13db531_7202_1152.jpg,30
5a971584-ee6d-4394-9a07-6ce8d13db531_7202_1150.jpg,6
5a971584-ee6d-4394-9a07-6ce8d13db531_7278_1144.jpg,27
5a971584-ee6d-4394-9a07-6ce8d13db531_7278_1151.jpg,16
5a971584-ee6d-4394-9a07-6ce8d13db531_7278_1136.jpg,44
5a971584-ee6d-4394-9a07-6ce8d13db531_7278_1183.jpg,99
5a971584-ee6d-4394-9a07-6ce8d13db531_7433_1253.jpg,null
5a971584-ee6d-4394-9a07-6ce8d13db531_7433_1266.jpg,null
5a971584-ee6d-4394-9a07-6ce8d13db531_7473_1253.jpg,44
6005de61-39b8-493a-b1a8-b197d1a70e49_272_27.jpg,77
6005de61-39b8-493a-b1a8-b197d1a70e49_309_27.jpg,77
6005de61-39b8-493a-b1a8-b197d1a70e49_821_120.jpg,90
6005de61-39b8-493a-b1a8-b197d1a70e49_1424_286.jpg,77
6005de61-39b8-493a-b1a8-b197d1a70e49_1424_293.jpg,null
6005de61-39b8-493a-b1a8-b197d1a70e49_1673_424.jpg,7
6005de61-39b8-493a-b1a8-b197d1a70e49_1720_428.jpg,null
6005de61-39b8-493a-b1a8-b197d1a70e49_1724_428.jpg,4
6005de61-39b8-493a-b1a8-b197d1a70e49_1984_469.jpg,92
6005de61-39b8-493a-b1a8-b197d1a70e49_1984_461.jpg,90
6005de61-39b8-493a-b1a8-b197d1a70e49_2749_694.jpg,32
6005de61-39b8-493a-b1a8-b197d1a70e49_2749_695.jpg,59
6005de61-39b8-493a-b1a8-b197d1a70e49_2749_699.jpg,2
6005de61-39b8-493a-b1a8-b197d1a70e49_2749_702.jpg,16
6005de61-39b8-493a-b1a8-b197d1a70e49_2820_694.jpg,32
6005de61-39b8-493a-b1a8-b197d1a70e49_2820_699.jpg,2
6005de61-39b8-493a-b1a8-b197d1a70e49_2820_702.jpg,16
6005de61-39b8-493a-b1a8-b197d1a70e49_2820_708.jpg,20
6005de61-39b8-493a-b1a8-b197d1a70e49_3002_721.jpg,92
6005de61-39b8-493a-b1a8-b197d1a70e49_3002_772.jpg,11
6005de61-39b8-493a-b1a8-b197d1a70e49_3002_765.jpg,14
6005de61-39b8-493a-b1a8-b197d1a70e49_3087_771.jpg,11
6005de61-39b8-493a-b1a8-b197d1a70e49_3087_772.jpg,17
6005de61-39b8-493a-b1a8-b197d1a70e49_3123_765.jpg,92
6005de61-39b8-493a-b1a8-b197d1a70e49_3123_772.jpg,14
6005de61-39b8-493a-b1a8-b197d1a70e49_3123_783.jpg,14
6005de61-39b8-493a-b1a8-b197d1a70e49_3124_772.jpg,14
6005de61-39b8-493a-b1a8-b197d1a70e49_3124_765.jpg,0
6005de61-39b8-493a-b1a8-b197d1a70e49_3124_771.jpg,null
6005de61-39b8-493a-b1a8-b197d1a70e49_3148_772.jpg,14
6005de61-39b8-493a-b1a8-b197d1a70e49_3148_771.jpg,11
6005de61-39b8-493a-b1a8-b197d1a70e49_3153_772.jpg,14
6005de61-39b8-493a-b1a8-b197d1a70e49_3153_771.jpg,11
6005de61-39b8-493a-b1a8-b197d1a70e49_3677_908.jpg,2
6005de61-39b8-493a-b1a8-b197d1a70e49_3677_907.jpg,20
6005de61-39b8-493a-b1a8-b197d1a70e49_3685_907.jpg,20
6005de61-39b8-493a-b1a8-b197d1a70e49_3685_908.jpg,2
6005de61-39b8-493a-b1a8-b197d1a70e49_3782_931.jpg,11
6005de61-39b8-493a-b1a8-b197d1a70e49_3782_935.jpg,2
6005de61-39b8-493a-b1a8-b197d1a70e49_3782_930.jpg,20
6005de61-39b8-493a-b1a8-b197d1a70e49_3989_970.jpg,1
6005de61-39b8-493a-b1a8-b197d1a70e49_4051_972.jpg,7
6005de61-39b8-493a-b1a8-b197d1a70e49_4051_975.jpg,8
6005de61-39b8-493a-b1a8-b197d1a70e49_4101_973.jpg,9
6005de61-39b8-493a-b1a8-b197d1a70e49_4101_975.jpg,null
7b0d5ead-ba12-4cf4-9c09-d674574a2e67_593_12.jpg,12
7b0d5ead-ba12-4cf4-9c09-d674574a2e67_618_12.jpg,12
7b0d5ead-ba12-4cf4-9c09-d674574a2e67_1044_98.jpg,null
7b0d5ead-ba12-4cf4-9c09-d674574a2e67_1701_269.jpg,28
7b0d5ead-ba12-4cf4-9c09-d674574a2e67_1701_271.jpg,9
7b0d5ead-ba12-4cf4-9c09-d674574a2e67_1727_272.jpg,12
7b0d5ead-ba12-4cf4-9c09-d674574a2e67_1727_269.jpg,28
7b0d5ead-ba12-4cf4-9c09-d674574a2e67_2108_311.jpg,10
7b0d5ead-ba12-4cf4-9c09-d674574a2e67_2570_343.jpg,2
7b0d5ead-ba12-4cf4-9c09-d674574a2e67_2826_385.jpg,10
7b0d5ead-ba12-4cf4-9c09-d674574a2e67_2826_386.jpg,5
7b0d5ead-ba12-4cf4-9c09-d674574a2e67_2826_389.jpg,21
7b0d5ead-ba12-4cf4-9c09-d674574a2e67_2826_387.jpg,7
7b0d5ead-ba12-4cf4-9c09-d674574a2e67_2882_389.jpg,37
7b0d5ead-ba12-4cf4-9c09-d674574a2e67_2882_386.jpg,5
7b0d5ead-ba12-4cf4-9c09-d674574a2e67_2882_385.jpg,10
7b0d5ead-ba12-4cf4-9c09-d674574a2e67_2882_387.jpg,7
7b0d5ead-ba12-4cf4-9c09-d674574a2e67_3116_439.jpg,null
7b0d5ead-ba12-4cf4-9c09-d674574a2e67_3778_530.jpg,17
7b0d5ead-ba12-4cf4-9c09-d674574a2e67_3800_530.jpg,17
7b0d5ead-ba12-4cf4-9c09-d674574a2e67_3991_530.jpg,21
7b0d5ead-ba12-4cf4-9c09-d674574a2e67_4177_588.jpg,66
7b0d5ead-ba12-4cf4-9c09-d674574a2e67_4177_530.jpg,8
7b0d5ead-ba12-4cf4-9c09-d674574a2e67_4177_592.jpg,8
7b0d5ead-ba12-4cf4-9c09-d674574a2e67_4177_598.jpg,5
7b0d5ead-ba12-4cf4-9c09-d674574a2e67_5627_780.jpg,17
7b0d5ead-ba12-4cf4-9c09-d674574a2e67_5627_781.jpg,16
7b0d5ead-ba12-4cf4-9c09-d674574a2e67_5636_780.jpg,17
7b0d5ead-ba12-4cf4-9c09-d674574a2e67_5636_781.jpg,16
7b0d5ead-ba12-4cf4-9c09-d674574a2e67_6405_889.jpg,17
7b0d5ead-ba12-4cf4-9c09-d674574a2e67_6405_894.jpg,16
7b0d5ead-ba12-4cf4-9c09-d674574a2e67_6984_1041.jpg,7
7b0d5ead-ba12-4cf4-9c09-d674574a2e67_7112_1103.jpg,16
7b0d5ead-ba12-4cf4-9c09-d674574a2e67_7141_1103.jpg,16
7b0d5ead-ba12-4cf4-9c09-d674574a2e67_7152_1103.jpg,16
7b0d5ead-ba12-4cf4-9c09-d674574a2e67_7929_1265.jpg,19
7b0d5ead-ba12-4cf4-9c09-d674574a2e67_7929_1282.jpg,8
7b0d5ead-ba12-4cf4-9c09-d674574a2e67_8054_1265.jpg,17
7b0d5ead-ba12-4cf4-9c09-d674574a2e67_8471_1350.jpg,8
7b0d5ead-ba12-4cf4-9c09-d674574a2e67_8471_1319.jpg,4
7b0d5ead-ba12-4cf4-9c09-d674574a2e67_8471_1351.jpg,16
7b0d5ead-ba12-4cf4-9c09-d674574a2e67_8471_1353.jpg,8
7b0d5ead-ba12-4cf4-9c09-d674574a2e67_8471_1352.jpg,23
7b0d5ead-ba12-4cf4-9c09-d674574a2e67_8471_1355.jpg,6
7b0d5ead-ba12-4cf4-9c09-d674574a2e67_9084_1427.jpg,16
7b0d5ead-ba12-4cf4-9c09-d674574a2e67_9493_1474.jpg,22
8e00a3a0-0694-4c86-9cbf-aa721fdda6f6_477_38.jpg,11
8e00a3a0-0694-4c86-9cbf-aa721fdda6f6_477_37.jpg,null
8e00a3a0-0694-4c86-9cbf-aa721fdda6f6_491_38.jpg,11
8e00a3a0-0694-4c86-9cbf-aa721fdda6f6_491_34.jpg,null
8e00a3a0-0694-4c86-9cbf-aa721fdda6f6_510_52.jpg,null
8e00a3a0-0694-4c86-9cbf-aa721fdda6f6_971_176.jpg,2
8e00a3a0-0694-4c86-9cbf-aa721fdda6f6_1252_274.jpg,7
923b7349-2a0f-408f-81f5-f6e68e575073_78_3.jpg,7
923b7349-2a0f-408f-81f5-f6e68e575073_78_12.jpg,1
923b7349-2a0f-408f-81f5-f6e68e575073_88_11.jpg,7
923b7349-2a0f-408f-81f5-f6e68e575073_88_20.jpg,null
923b7349-2a0f-408f-81f5-f6e68e575073_88_16.jpg,null
923b7349-2a0f-408f-81f5-f6e68e575073_135_31.jpg,null
923b7349-2a0f-408f-81f5-f6e68e575073_592_88.jpg,77
923b7349-2a0f-408f-81f5-f6e68e575073_851_116.jpg,null
923b7349-2a0f-408f-81f5-f6e68e575073_1011_120.jpg,7
923b7349-2a0f-408f-81f5-f6e68e575073_1012_120.jpg,7
923b7349-2a0f-408f-81f5-f6e68e575073_1051_134.jpg,24
923b7349-2a0f-408f-81f5-f6e68e575073_1424_172.jpg,5
93d6efeb-3432-4294-b643-bdd98472f34f_148_3.jpg,8
93d6efeb-3432-4294-b643-bdd98472f34f_418_32.jpg,7
93d6efeb-3432-4294-b643-bdd98472f34f_469_11.jpg,null
93d6efeb-3432-4294-b643-bdd98472f34f_527_11.jpg,17
93d6efeb-3432-4294-b643-bdd98472f34f_698_130.jpg,2
93d6efeb-3432-4294-b643-bdd98472f34f_817_133.jpg,7
93d6efeb-3432-4294-b643-bdd98472f34f_824_133.jpg,7
93d6efeb-3432-4294-b643-bdd98472f34f_954_151.jpg,7
93d6efeb-3432-4294-b643-bdd98472f34f_990_153.jpg,7
93d6efeb-3432-4294-b643-bdd98472f34f_1082_153.jpg,7
93d6efeb-3432-4294-b643-bdd98472f34f_1088_153.jpg,7
93d6efeb-3432-4294-b643-bdd98472f34f_1149_173.jpg,13
93d6efeb-3432-4294-b643-bdd98472f34f_1159_173.jpg,18
93d6efeb-3432-4294-b643-bdd98472f34f_1305_228.jpg,10
93d6efeb-3432-4294-b643-bdd98472f34f_1310_228.jpg,16
93d6efeb-3432-4294-b643-bdd98472f34f_1385_249.jpg,15
93d6efeb-3432-4294-b643-bdd98472f34f_1991_296.jpg,41
93d6efeb-3432-4294-b643-bdd98472f34f_1991_284.jpg,10
93d6efeb-3432-4294-b643-bdd98472f34f_2008_296.jpg,41
93d6efeb-3432-4294-b643-bdd98472f34f_2008_284.jpg,10
93d6efeb-3432-4294-b643-bdd98472f34f_2031_310.jpg,6
93d6efeb-3432-4294-b643-bdd98472f34f_2031_318.jpg,0
93d6efeb-3432-4294-b643-bdd98472f34f_2142_361.jpg,15
c472ff68-ba03-4abd-9c4e-1a57bfd38bc8_124_1.jpg,20
c472ff68-ba03-4abd-9c4e-1a57bfd38bc8_124_3.jpg,22
c472ff68-ba03-4abd-9c4e-1a57bfd38bc8_125_1.jpg,20
c472ff68-ba03-4abd-9c4e-1a57bfd38bc8_125_3.jpg,22
c472ff68-ba03-4abd-9c4e-1a57bfd38bc8_154_1.jpg,23
c472ff68-ba03-4abd-9c4e-1a57bfd38bc8_323_102.jpg,33
c472ff68-ba03-4abd-9c4e-1a57bfd38bc8_346_102.jpg,33
c472ff68-ba03-4abd-9c4e-1a57bfd38bc8_359_102.jpg,33
c472ff68-ba03-4abd-9c4e-1a57bfd38bc8_700_223.jpg,20
c472ff68-ba03-4abd-9c4e-1a57bfd38bc8_731_223.jpg,21
c472ff68-ba03-4abd-9c4e-1a57bfd38bc8_766_227.jpg,62
c472ff68-ba03-4abd-9c4e-1a57bfd38bc8_796_231.jpg,20
c472ff68-ba03-4abd-9c4e-1a57bfd38bc8_796_227.jpg,62
c472ff68-ba03-4abd-9c4e-1a57bfd38bc8_796_233.jpg,33
c472ff68-ba03-4abd-9c4e-1a57bfd38bc8_803_227.jpg,63
c472ff68-ba03-4abd-9c4e-1a57bfd38bc8_803_233.jpg,33
c472ff68-ba03-4abd-9c4e-1a57bfd38bc8_810_227.jpg,32
c472ff68-ba03-4abd-9c4e-1a57bfd38bc8_810_233.jpg,33
c472ff68-ba03-4abd-9c4e-1a57bfd38bc8_875_263.jpg,62
c472ff68-ba03-4abd-9c4e-1a57bfd38bc8_942_264.jpg,3
c472ff68-ba03-4abd-9c4e-1a57bfd38bc8_1005_264.jpg,22
c472ff68-ba03-4abd-9c4e-1a57bfd38bc8_1017_264.jpg,22
c472ff68-ba03-4abd-9c4e-1a57bfd38bc8_1021_264.jpg,22
c472ff68-ba03-4abd-9c4e-1a57bfd38bc8_1067_273.jpg,35
c472ff68-ba03-4abd-9c4e-1a57bfd38bc8_1067_264.jpg,22
c472ff68-ba03-4abd-9c4e-1a57bfd38bc8_1093_273.jpg,24
c472ff68-ba03-4abd-9c4e-1a57bfd38bc8_1093_279.jpg,22
c472ff68-ba03-4abd-9c4e-1a57bfd38bc8_1200_282.jpg,22
c472ff68-ba03-4abd-9c4e-1a57bfd38bc8_1214_282.jpg,22
c472ff68-ba03-4abd-9c4e-1a57bfd38bc8_1457_328.jpg,22
c472ff68-ba03-4abd-9c4e-1a57bfd38bc8_1457_330.jpg,19
c472ff68-ba03-4abd-9c4e-1a57bfd38bc8_1457_333.jpg,18
c472ff68-ba03-4abd-9c4e-1a57bfd38bc8_1504_345.jpg,20
c472ff68-ba03-4abd-9c4e-1a57bfd38bc8_1504_339.jpg,8
c472ff68-ba03-4abd-9c4e-1a57bfd38bc8_1504_341.jpg,10
c472ff68-ba03-4abd-9c4e-1a57bfd38bc8_1773_376.jpg,8
c472ff68-ba03-4abd-9c4e-1a57bfd38bc8_1803_376.jpg,8
c472ff68-ba03-4abd-9c4e-1a57bfd38bc8_1803_378.jpg,2
c472ff68-ba03-4abd-9c4e-1a57bfd38bc8_1864_390.jpg,21
c472ff68-ba03-4abd-9c4e-1a57bfd38bc8_1864_394.jpg,10
c472ff68-ba03-4abd-9c4e-1a57bfd38bc8_1866_392.jpg,23
c472ff68-ba03-4abd-9c4e-1a57bfd38bc8_1866_376.jpg,8
c472ff68-ba03-4abd-9c4e-1a57bfd38bc8_1866_390.jpg,20
c472ff68-ba03-4abd-9c4e-1a57bfd38bc8_1866_394.jpg,10
c472ff68-ba03-4abd-9c4e-1a57bfd38bc8_1889_376.jpg,8
c472ff68-ba03-4abd-9c4e-1a57bfd38bc8_1889_390.jpg,21
c472ff68-ba03-4abd-9c4e-1a57bfd38bc8_1889_394.jpg,10
c472ff68-ba03-4abd-9c4e-1a57bfd38bc8_1915_390.jpg,20
c472ff68-ba03-4abd-9c4e-1a57bfd38bc8_1915_376.jpg,8
c472ff68-ba03-4abd-9c4e-1a57bfd38bc8_1915_392.jpg,21
c472ff68-ba03-4abd-9c4e-1a57bfd38bc8_1915_414.jpg,10
c472ff68-ba03-4abd-9c4e-1a57bfd38bc8_1946_390.jpg,21
c472ff68-ba03-4abd-9c4e-1a57bfd38bc8_1946_376.jpg,8
c472ff68-ba03-4abd-9c4e-1a57bfd38bc8_1950_392.jpg,24
c472ff68-ba03-4abd-9c4e-1a57bfd38bc8_1950_376.jpg,8
c472ff68-ba03-4abd-9c4e-1a57bfd38bc8_1950_390.jpg,21
c472ff68-ba03-4abd-9c4e-1a57bfd38bc8_1953_390.jpg,21
c472ff68-ba03-4abd-9c4e-1a57bfd38bc8_1953_392.jpg,24
c472ff68-ba03-4abd-9c4e-1a57bfd38bc8_1953_376.jpg,8
c472ff68-ba03-4abd-9c4e-1a57bfd38bc8_1988_376.jpg,8
c472ff68-ba03-4abd-9c4e-1a57bfd38bc8_2024_438.jpg,80
c472ff68-ba03-4abd-9c4e-1a57bfd38bc8_2128_482.jpg,2
c472ff68-ba03-4abd-9c4e-1a57bfd38bc8_2138_482.jpg,2
c472ff68-ba03-4abd-9c4e-1a57bfd38bc8_2140_482.jpg,2
c472ff68-ba03-4abd-9c4e-1a57bfd38bc8_2151_482.jpg,2
c472ff68-ba03-4abd-9c4e-1a57bfd38bc8_2166_487.jpg,14
c472ff68-ba03-4abd-9c4e-1a57bfd38bc8_2166_482.jpg,2
c472ff68-ba03-4abd-9c4e-1a57bfd38bc8_2166_495.jpg,21
c472ff68-ba03-4abd-9c4e-1a57bfd38bc8_2166_494.jpg,17
c472ff68-ba03-4abd-9c4e-1a57bfd38bc8_2171_487.jpg,14
c472ff68-ba03-4abd-9c4e-1a57bfd38bc8_2171_495.jpg,21
c472ff68-ba03-4abd-9c4e-1a57bfd38bc8_2171_482.jpg,2
c472ff68-ba03-4abd-9c4e-1a57bfd38bc8_2171_492.jpg,8
c472ff68-ba03-4abd-9c4e-1a57bfd38bc8_2171_497.jpg,11
c472ff68-ba03-4abd-9c4e-1a57bfd38bc8_2196_487.jpg,14
c472ff68-ba03-4abd-9c4e-1a57bfd38bc8_2196_501.jpg,8
c472ff68-ba03-4abd-9c4e-1a57bfd38bc8_2196_502.jpg,21
c472ff68-ba03-4abd-9c4e-1a57bfd38bc8_2198_487.jpg,14
c472ff68-ba03-4abd-9c4e-1a57bfd38bc8_2198_501.jpg,8
c472ff68-ba03-4abd-9c4e-1a57bfd38bc8_2198_503.jpg,10
c472ff68-ba03-4abd-9c4e-1a57bfd38bc8_2222_487.jpg,14
c472ff68-ba03-4abd-9c4e-1a57bfd38bc8_2222_502.jpg,21
c472ff68-ba03-4abd-9c4e-1a57bfd38bc8_2239_487.jpg,14
c472ff68-ba03-4abd-9c4e-1a57bfd38bc8_2239_502.jpg,21
c472ff68-ba03-4abd-9c4e-1a57bfd38bc8_2247_502.jpg,21
c472ff68-ba03-4abd-9c4e-1a57bfd38bc8_2247_487.jpg,16
c472ff68-ba03-4abd-9c4e-1a57bfd38bc8_2254_502.jpg,21
c472ff68-ba03-4abd-9c4e-1a57bfd38bc8_2254_487.jpg,14
c472ff68-ba03-4abd-9c4e-1a57bfd38bc8_2255_502.jpg,21
c472ff68-ba03-4abd-9c4e-1a57bfd38bc8_2255_487.jpg,14
c472ff68-ba03-4abd-9c4e-1a57bfd38bc8_2419_534.jpg,14
c472ff68-ba03-4abd-9c4e-1a57bfd38bc8_2498_534.jpg,14
c472ff68-ba03-4abd-9c4e-1a57bfd38bc8_2513_534.jpg,14
c472ff68-ba03-4abd-9c4e-1a57bfd38bc8_2593_545.jpg,1
c472ff68-ba03-4abd-9c4e-1a57bfd38bc8_2630_546.jpg,11
c472ff68-ba03-4abd-9c4e-1a57bfd38bc8_2879_568.jpg,23
c472ff68-ba03-4abd-9c4e-1a57bfd38bc8_2896_591.jpg,6
d1ed0d19-0222-4064-83e3-a5a3c3dfbb9a_69_6.jpg,3
d1ed0d19-0222-4064-83e3-a5a3c3dfbb9a_176_31.jpg,10
d1ed0d19-0222-4064-83e3-a5a3c3dfbb9a_437_99.jpg,18
d1ed0d19-0222-4064-83e3-a5a3c3dfbb9a_504_91.jpg,12
d1ed0d19-0222-4064-83e3-a5a3c3dfbb9a_659_140.jpg,0
d1ed0d19-0222-4064-83e3-a5a3c3dfbb9a_938_187.jpg,38
d1ed0d19-0222-4064-83e3-a5a3c3dfbb9a_938_214.jpg,23
d1ed0d19-0222-4064-83e3-a5a3c3dfbb9a_938_176.jpg,18
d1ed0d19-0222-4064-83e3-a5a3c3dfbb9a_938_188.jpg,13
d1ed0d19-0222-4064-83e3-a5a3c3dfbb9a_938_216.jpg,3
d1ed0d19-0222-4064-83e3-a5a3c3dfbb9a_1280_335.jpg,24
d1ed0d19-0222-4064-83e3-a5a3c3dfbb9a_1358_344.jpg,16
d1ed0d19-0222-4064-83e3-a5a3c3dfbb9a_1358_345.jpg,6
d1ed0d19-0222-4064-83e3-a5a3c3dfbb9a_1396_345.jpg,6
d1ed0d19-0222-4064-83e3-a5a3c3dfbb9a_1396_381.jpg,10
d1ed0d19-0222-4064-83e3-a5a3c3dfbb9a_1396_370.jpg,5
d1ed0d19-0222-4064-83e3-a5a3c3dfbb9a_1396_380.jpg,4
d1ed0d19-0222-4064-83e3-a5a3c3dfbb9a_1396_357.jpg,5
d1ed0d19-0222-4064-83e3-a5a3c3dfbb9a_1725_406.jpg,null
d1ed0d19-0222-4064-83e3-a5a3c3dfbb9a_1737_416.jpg,24
d1ed0d19-0222-4064-83e3-a5a3c3dfbb9a_1912_431.jpg,24
d1ed0d19-0222-4064-83e3-a5a3c3dfbb9a_2042_497.jpg,null
d1ed0d19-0222-4064-83e3-a5a3c3dfbb9a_2148_528.jpg,3
d1ed0d19-0222-4064-83e3-a5a3c3dfbb9a_2502_653.jpg,0
d1ed0d19-0222-4064-83e3-a5a3c3dfbb9a_2502_652.jpg,23
d1ed0d19-0222-4064-83e3-a5a3c3dfbb9a_3044_764.jpg,0
d1ed0d19-0222-4064-83e3-a5a3c3dfbb9a_3170_778.jpg,0
d1ed0d19-0222-4064-83e3-a5a3c3dfbb9a_3275_784.jpg,5
d1ed0d19-0222-4064-83e3-a5a3c3dfbb9a_3550_896.jpg,3
d1ed0d19-0222-4064-83e3-a5a3c3dfbb9a_3550_897.jpg,4
d1ed0d19-0222-4064-83e3-a5a3c3dfbb9a_3712_918.jpg,0
d1ed0d19-0222-4064-83e3-a5a3c3dfbb9a_4031_931.jpg,7
d1ed0d19-0222-4064-83e3-a5a3c3dfbb9a_4032_931.jpg,7
d1ed0d19-0222-4064-83e3-a5a3c3dfbb9a_4188_977.jpg,null
d1ed0d19-0222-4064-83e3-a5a3c3dfbb9a_4205_977.jpg,9
d1ed0d19-0222-4064-83e3-a5a3c3dfbb9a_4661_1013.jpg,19
d1ed0d19-0222-4064-83e3-a5a3c3dfbb9a_4661_1025.jpg,24
d1ed0d19-0222-4064-83e3-a5a3c3dfbb9a_4841_1032.jpg,null
d536b470-cdc5-4324-88b8-15f3ed08d51d_178_1.jpg,8
d536b470-cdc5-4324-88b8-15f3ed08d51d_179_2.jpg,8
d536b470-cdc5-4324-88b8-15f3ed08d51d_179_1.jpg,8
d536b470-cdc5-4324-88b8-15f3ed08d51d_433_26.jpg,9
d536b470-cdc5-4324-88b8-15f3ed08d51d_433_76.jpg,23
d536b470-cdc5-4324-88b8-15f3ed08d51d_433_74.jpg,12
d536b470-cdc5-4324-88b8-15f3ed08d51d_451_77.jpg,3
d536b470-cdc5-4324-88b8-15f3ed08d51d_451_74.jpg,null
d536b470-cdc5-4324-88b8-15f3ed08d51d_620_96.jpg,8
d536b470-cdc5-4324-88b8-15f3ed08d51d_828_180.jpg,8
d536b470-cdc5-4324-88b8-15f3ed08d51d_838_180.jpg,8
d536b470-cdc5-4324-88b8-15f3ed08d51d_981_201.jpg,10
d536b470-cdc5-4324-88b8-15f3ed08d51d_1002_224.jpg,7
d536b470-cdc5-4324-88b8-15f3ed08d51d_1079_231.jpg,7
d536b470-cdc5-4324-88b8-15f3ed08d51d_1079_236.jpg,10
d536b470-cdc5-4324-88b8-15f3ed08d51d_1093_231.jpg,2
d536b470-cdc5-4324-88b8-15f3ed08d51d_1093_235.jpg,2
d536b470-cdc5-4324-88b8-15f3ed08d51d_1111_235.jpg,23
d536b470-cdc5-4324-88b8-15f3ed08d51d_1185_235.jpg,23
d536b470-cdc5-4324-88b8-15f3ed08d51d_1190_235.jpg,13
d536b470-cdc5-4324-88b8-15f3ed08d51d_1292_265.jpg,2
d536b470-cdc5-4324-88b8-15f3ed08d51d_1294_265.jpg,2
d536b470-cdc5-4324-88b8-15f3ed08d51d_1326_272.jpg,3
d536b470-cdc5-4324-88b8-15f3ed08d51d_1326_271.jpg,33
d536b470-cdc5-4324-88b8-15f3ed08d51d_1476_333.jpg,22
d536b470-cdc5-4324-88b8-15f3ed08d51d_1476_323.jpg,8
d536b470-cdc5-4324-88b8-15f3ed08d51d_1476_329.jpg,6
d536b470-cdc5-4324-88b8-15f3ed08d51d_1490_328.jpg,5
d536b470-cdc5-4324-88b8-15f3ed08d51d_1493_333.jpg,2
d536b470-cdc5-4324-88b8-15f3ed08d51d_1706_337.jpg,34
d536b470-cdc5-4324-88b8-15f3ed08d51d_1706_346.jpg,2
d536b470-cdc5-4324-88b8-15f3ed08d51d_1706_323.jpg,23
d536b470-cdc5-4324-88b8-15f3ed08d51d_1706_349.jpg,33
d536b470-cdc5-4324-88b8-15f3ed08d51d_1891_398.jpg,10
d536b470-cdc5-4324-88b8-15f3ed08d51d_1931_401.jpg,8
d536b470-cdc5-4324-88b8-15f3ed08d51d_2205_471.jpg,21
d536b470-cdc5-4324-88b8-15f3ed08d51d_2205_479.jpg,2
d536b470-cdc5-4324-88b8-15f3ed08d51d_2218_471.jpg,27
d536b470-cdc5-4324-88b8-15f3ed08d51d_2218_479.jpg,2
d536b470-cdc5-4324-88b8-15f3ed08d51d_2218_486.jpg,5
d536b470-cdc5-4324-88b8-15f3ed08d51d_2218_484.jpg,34
d536b470-cdc5-4324-88b8-15f3ed08d51d_2222_471.jpg,27
d536b470-cdc5-4324-88b8-15f3ed08d51d_2222_479.jpg,2
d536b470-cdc5-4324-88b8-15f3ed08d51d_2233_471.jpg,27
d536b470-cdc5-4324-88b8-15f3ed08d51d_2233_479.jpg,2
d536b470-cdc5-4324-88b8-15f3ed08d51d_2233_498.jpg,7
d536b470-cdc5-4324-88b8-15f3ed08d51d_2248_471.jpg,27
d536b470-cdc5-4324-88b8-15f3ed08d51d_2248_479.jpg,2
d536b470-cdc5-4324-88b8-15f3ed08d51d_2289_484.jpg,10
d536b470-cdc5-4324-88b8-15f3ed08d51d_2289_471.jpg,27
d536b470-cdc5-4324-88b8-15f3ed08d51d_2407_540.jpg,10
d536b470-cdc5-4324-88b8-15f3ed08d51d_2514_592.jpg,10
d536b470-cdc5-4324-88b8-15f3ed08d51d_2520_592.jpg,10
d536b470-cdc5-4324-88b8-15f3ed08d51d_2525_592.jpg,10
d536b470-cdc5-4324-88b8-15f3ed08d51d_2686_628.jpg,6
d536b470-cdc5-4324-88b8-15f3ed08d51d_2686_608.jpg,1
d536b470-cdc5-4324-88b8-15f3ed08d51d_2778_682.jpg,7
d536b470-cdc5-4324-88b8-15f3ed08d51d_2791_682.jpg,4
d536b470-cdc5-4324-88b8-15f3ed08d51d_2836_682.jpg,4
d536b470-cdc5-4324-88b8-15f3ed08d51d_2855_694.jpg,2
d536b470-cdc5-4324-88b8-15f3ed08d51d_2868_694.jpg,2
dbe87b9f-9fdb-42cd-a8e3-86bd3cda660d_348_26.jpg,34
dbe87b9f-9fdb-42cd-a8e3-86bd3cda660d_1239_146.jpg,23
dbe87b9f-9fdb-42cd-a8e3-86bd3cda660d_2114_171.jpg,null
dbe87b9f-9fdb-42cd-a8e3-86bd3cda660d_2121_171.jpg,null
dbe87b9f-9fdb-42cd-a8e3-86bd3cda660d_2194_258.jpg,23
dbe87b9f-9fdb-42cd-a8e3-86bd3cda660d_2533_288.jpg,20
dbe87b9f-9fdb-42cd-a8e3-86bd3cda660d_2533_281.jpg,34
dbe87b9f-9fdb-42cd-a8e3-86bd3cda660d_2533_299.jpg,20
dbe87b9f-9fdb-42cd-a8e3-86bd3cda660d_2626_302.jpg,20
fef2134a-aed1-445c-8b35-7699c62ce087_1714_24.jpg,null
fef2134a-aed1-445c-8b35-7699c62ce087_2011_32.jpg,8
fef2134a-aed1-445c-8b35-7699c62ce087_2011_30.jpg,9
fef2134a-aed1-445c-8b35-7699c62ce087_2011_34.jpg,22
fef2134a-aed1-445c-8b35-7699c62ce087_2088_32.jpg,35
fef2134a-aed1-445c-8b35-7699c62ce087_2088_30.jpg,2
fef2134a-aed1-445c-8b35-7699c62ce087_2266_58.jpg,11
fef2134a-aed1-445c-8b35-7699c62ce087_2976_211.jpg,null
fef2134a-aed1-445c-8b35-7699c62ce087_3274_238.jpg,null
fef2134a-aed1-445c-8b35-7699c62ce087_3353_238.jpg,25
fef2134a-aed1-445c-8b35-7699c62ce087_3353_246.jpg,15
fef2134a-aed1-445c-8b35-7699c62ce087_3386_238.jpg,2
fef2134a-aed1-445c-8b35-7699c62ce087_3386_246.jpg,13
fef2134a-aed1-445c-8b35-7699c62ce087_3408_246.jpg,5
fef2134a-aed1-445c-8b35-7699c62ce087_3440_238.jpg,25
fef2134a-aed1-445c-8b35-7699c62ce087_3440_246.jpg,15
fef2134a-aed1-445c-8b35-7699c62ce087_3440_247.jpg,null
fef2134a-aed1-445c-8b35-7699c62ce087_3468_246.jpg,5
fef2134a-aed1-445c-8b35-7699c62ce087_3468_238.jpg,22
fef2134a-aed1-445c-8b35-7699c62ce087_3468_247.jpg,null
fef2134a-aed1-445c-8b35-7699c62ce087_3475_238.jpg,23
fef2134a-aed1-445c-8b35-7699c62ce087_3475_246.jpg,5
fef2134a-aed1-445c-8b35-7699c62ce087_3525_238.jpg,25
fef2134a-aed1-445c-8b35-7699c62ce087_3525_246.jpg,15
fef2134a-aed1-445c-8b35-7699c62ce087_3571_238.jpg,2
fef2134a-aed1-445c-8b35-7699c62ce087_3571_246.jpg,15
fef2134a-aed1-445c-8b35-7699c62ce087_3609_228.jpg,null
fef2134a-aed1-445c-8b35-7699c62ce087_3609_238.jpg,2
fef2134a-aed1-445c-8b35-7699c62ce087_3609_246.jpg,5
fef2134a-aed1-445c-8b35-7699c62ce087_4069_267.jpg,2
fef2134a-aed1-445c-8b35-7699c62ce087_4069_259.jpg,5
fef2134a-aed1-445c-8b35-7699c62ce087_4542_305.jpg,38
fef2134a-aed1-445c-8b35-7699c62ce087_4609_311.jpg,3
fef2134a-aed1-445c-8b35-7699c62ce087_4627_311.jpg,3
fef2134a-aed1-445c-8b35-7699c62ce087_4627_319.jpg,null
fef2134a-aed1-445c-8b35-7699c62ce087_4631_311.jpg,3
fef2134a-aed1-445c-8b35-7699c62ce087_4631_313.jpg,null
fef2134a-aed1-445c-8b35-7699c62ce087_4721_329.jpg,27
fef2134a-aed1-445c-8b35-7699c62ce087_4721_330.jpg,4
fef2134a-aed1-445c-8b35-7699c62ce087_4763_329.jpg,9
aceb95c0-f8ed-4674-a835-e27b2f474a7a_148_1.jpg,8
aceb95c0-f8ed-4674-a835-e27b2f474a7a_341_22.jpg,8
aceb95c0-f8ed-4674-a835-e27b2f474a7a_639_82.jpg,12
aceb95c0-f8ed-4674-a835-e27b2f474a7a_639_103.jpg,3
aceb95c0-f8ed-4674-a835-e27b2f474a7a_639_111.jpg,34
aceb95c0-f8ed-4674-a835-e27b2f474a7a_639_98.jpg,2
aceb95c0-f8ed-4674-a835-e27b2f474a7a_639_107.jpg,19
aceb95c0-f8ed-4674-a835-e27b2f474a7a_639_112.jpg,9
aceb95c0-f8ed-4674-a835-e27b2f474a7a_669_121.jpg,25
aceb95c0-f8ed-4674-a835-e27b2f474a7a_669_114.jpg,8
aceb95c0-f8ed-4674-a835-e27b2f474a7a_834_172.jpg,22
aceb95c0-f8ed-4674-a835-e27b2f474a7a_834_180.jpg,8
aceb95c0-f8ed-4674-a835-e27b2f474a7a_889_196.jpg,12
aceb95c0-f8ed-4674-a835-e27b2f474a7a_889_193.jpg,3
aceb95c0-f8ed-4674-a835-e27b2f474a7a_998_201.jpg,10
aceb95c0-f8ed-4674-a835-e27b2f474a7a_1100_231.jpg,2
aceb95c0-f8ed-4674-a835-e27b2f474a7a_1176_235.jpg,23
aceb95c0-f8ed-4674-a835-e27b2f474a7a_1181_235.jpg,23
aceb95c0-f8ed-4674-a835-e27b2f474a7a_1296_265.jpg,2
aceb95c0-f8ed-4674-a835-e27b2f474a7a_1327_271.jpg,33
aceb95c0-f8ed-4674-a835-e27b2f474a7a_1327_272.jpg,5
aceb95c0-f8ed-4674-a835-e27b2f474a7a_1333_271.jpg,35
aceb95c0-f8ed-4674-a835-e27b2f474a7a_1333_272.jpg,3
aceb95c0-f8ed-4674-a835-e27b2f474a7a_1333_278.jpg,74
aceb95c0-f8ed-4674-a835-e27b2f474a7a_1336_271.jpg,33
aceb95c0-f8ed-4674-a835-e27b2f474a7a_1336_272.jpg,3
aceb95c0-f8ed-4674-a835-e27b2f474a7a_1336_277.jpg,20
aceb95c0-f8ed-4674-a835-e27b2f474a7a_1336_278.jpg,14
aceb95c0-f8ed-4674-a835-e27b2f474a7a_1370_282.jpg,34
aceb95c0-f8ed-4674-a835-e27b2f474a7a_1373_286.jpg,23
aceb95c0-f8ed-4674-a835-e27b2f474a7a_1373_282.jpg,34
aceb95c0-f8ed-4674-a835-e27b2f474a7a_1373_287.jpg,null
aceb95c0-f8ed-4674-a835-e27b2f474a7a_1453_323.jpg,8
aceb95c0-f8ed-4674-a835-e27b2f474a7a_1465_329.jpg,5
aceb95c0-f8ed-4674-a835-e27b2f474a7a_1465_323.jpg,8
aceb95c0-f8ed-4674-a835-e27b2f474a7a_1469_323.jpg,8
aceb95c0-f8ed-4674-a835-e27b2f474a7a_1897_398.jpg,10
aceb95c0-f8ed-4674-a835-e27b2f474a7a_1924_407.jpg,10
aceb95c0-f8ed-4674-a835-e27b2f474a7a_1976_430.jpg,7
aceb95c0-f8ed-4674-a835-e27b2f474a7a_2177_471.jpg,17
aceb95c0-f8ed-4674-a835-e27b2f474a7a_2197_479.jpg,2
aceb95c0-f8ed-4674-a835-e27b2f474a7a_2292_471.jpg,27
aceb95c0-f8ed-4674-a835-e27b2f474a7a_2327_529.jpg,8
aceb95c0-f8ed-4674-a835-e27b2f474a7a_2327_553.jpg,30
aceb95c0-f8ed-4674-a835-e27b2f474a7a_2327_554.jpg,null
aceb95c0-f8ed-4674-a835-e27b2f474a7a_2327_551.jpg,94
aceb95c0-f8ed-4674-a835-e27b2f474a7a_2360_551.jpg,2
aceb95c0-f8ed-4674-a835-e27b2f474a7a_2360_540.jpg,7
aceb95c0-f8ed-4674-a835-e27b2f474a7a_2442_590.jpg,10
aceb95c0-f8ed-4674-a835-e27b2f474a7a_2524_592.jpg,10
aceb95c0-f8ed-4674-a835-e27b2f474a7a_2632_606.jpg,null
aceb95c0-f8ed-4674-a835-e27b2f474a7a_2855_694.jpg,2
aceb95c0-f8ed-4674-a835-e27b2f474a7a_2895_682.jpg,null
0c23d0e0-f200-4fba-b5fd-e02f42570562_184_5.jpg,20
0c23d0e0-f200-4fba-b5fd-e02f42570562_184_3.jpg,8
0c23d0e0-f200-4fba-b5fd-e02f42570562_190_3.jpg,8
0c23d0e0-f200-4fba-b5fd-e02f42570562_271_10.jpg,7
0c23d0e0-f200-4fba-b5fd-e02f42570562_447_11.jpg,null
0c23d0e0-f200-4fba-b5fd-e02f42570562_462_46.jpg,4
0c23d0e0-f200-4fba-b5fd-e02f42570562_488_65.jpg,2
0c23d0e0-f200-4fba-b5fd-e02f42570562_532_65.jpg,1
0c23d0e0-f200-4fba-b5fd-e02f42570562_580_123.jpg,2
0c23d0e0-f200-4fba-b5fd-e02f42570562_827_133.jpg,7
0c23d0e0-f200-4fba-b5fd-e02f42570562_998_153.jpg,7
0c23d0e0-f200-4fba-b5fd-e02f42570562_1004_153.jpg,7
0c23d0e0-f200-4fba-b5fd-e02f42570562_1025_153.jpg,5
0c23d0e0-f200-4fba-b5fd-e02f42570562_1097_170.jpg,7
0c23d0e0-f200-4fba-b5fd-e02f42570562_1745_255.jpg,null
0c23d0e0-f200-4fba-b5fd-e02f42570562_1972_296.jpg,41
0c23d0e0-f200-4fba-b5fd-e02f42570562_1972_284.jpg,10
0c23d0e0-f200-4fba-b5fd-e02f42570562_2006_296.jpg,41
0c23d0e0-f200-4fba-b5fd-e02f42570562_2006_284.jpg,10
0c23d0e0-f200-4fba-b5fd-e02f42570562_2010_296.jpg,41
0c23d0e0-f200-4fba-b5fd-e02f42570562_2010_284.jpg,10
0c23d0e0-f200-4fba-b5fd-e02f42570562_2015_296.jpg,41
0c23d0e0-f200-4fba-b5fd-e02f42570562_2015_284.jpg,10
0c23d0e0-f200-4fba-b5fd-e02f42570562_2039_310.jpg,7
0c23d0e0-f200-4fba-b5fd-e02f42570562_2039_318.jpg,9
0c23d0e0-f200-4fba-b5fd-e02f42570562_2039_315.jpg,3
0c23d0e0-f200-4fba-b5fd-e02f42570562_2052_309.jpg,1
0c23d0e0-f200-4fba-b5fd-e02f42570562_2065_318.jpg,29
0c23d0e0-f200-4fba-b5fd-e02f42570562_2125_361.jpg,15
0c23d0e0-f200-4fba-b5fd-e02f42570562_2156_361.jpg,15
0c23d0e0-f200-4fba-b5fd-e02f42570562_2156_363.jpg,6
0c23d0e0-f200-4fba-b5fd-e02f42570562_2162_361.jpg,15
0c23d0e0-f200-4fba-b5fd-e02f42570562_2171_361.jpg,15
0c23d0e0-f200-4fba-b5fd-e02f42570562_2171_362.jpg,28
0c23d0e0-f200-4fba-b5fd-e02f42570562_2176_361.jpg,15
1d53d578-f42e-4c3c-94e2-beb451f1d18a_209_16.jpg,4
1d53d578-f42e-4c3c-94e2-beb451f1d18a_364_16.jpg,32
1d53d578-f42e-4c3c-94e2-beb451f1d18a_410_43.jpg,21
1d53d578-f42e-4c3c-94e2-beb451f1d18a_410_16.jpg,32
1d53d578-f42e-4c3c-94e2-beb451f1d18a_410_44.jpg,6
1d53d578-f42e-4c3c-94e2-beb451f1d18a_432_43.jpg,21
1d53d578-f42e-4c3c-94e2-beb451f1d18a_432_44.jpg,6
1d53d578-f42e-4c3c-94e2-beb451f1d18a_432_16.jpg,32
1d53d578-f42e-4c3c-94e2-beb451f1d18a_710_301.jpg,50
1d53d578-f42e-4c3c-94e2-beb451f1d18a_710_303.jpg,5
1d53d578-f42e-4c3c-94e2-beb451f1d18a_1553_535.jpg,null
1d53d578-f42e-4c3c-94e2-beb451f1d18a_1553_588.jpg,9
1d53d578-f42e-4c3c-94e2-beb451f1d18a_1872_694.jpg,3
1d53d578-f42e-4c3c-94e2-beb451f1d18a_1872_697.jpg,5
1d53d578-f42e-4c3c-94e2-beb451f1d18a_1872_678.jpg,4
1d53d578-f42e-4c3c-94e2-beb451f1d18a_1901_678.jpg,4
1d53d578-f42e-4c3c-94e2-beb451f1d18a_1901_694.jpg,3
1d53d578-f42e-4c3c-94e2-beb451f1d18a_1901_697.jpg,5
1d53d578-f42e-4c3c-94e2-beb451f1d18a_2406_860.jpg,null
1d53d578-f42e-4c3c-94e2-beb451f1d18a_2518_946.jpg,32
1d53d578-f42e-4c3c-94e2-beb451f1d18a_2839_1057.jpg,7
1d53d578-f42e-4c3c-94e2-beb451f1d18a_2839_1059.jpg,21
1d53d578-f42e-4c3c-94e2-beb451f1d18a_2839_1061.jpg,19
1d53d578-f42e-4c3c-94e2-beb451f1d18a_3430_1128.jpg,77
1d53d578-f42e-4c3c-94e2-beb451f1d18a_3537_1137.jpg,36
1d53d578-f42e-4c3c-94e2-beb451f1d18a_3537_1121.jpg,15
1d53d578-f42e-4c3c-94e2-beb451f1d18a_3809_1224.jpg,10
1d53d578-f42e-4c3c-94e2-beb451f1d18a_3809_1223.jpg,3
1d53d578-f42e-4c3c-94e2-beb451f1d18a_3817_1224.jpg,13
1d53d578-f42e-4c3c-94e2-beb451f1d18a_3817_1233.jpg,45
1d53d578-f42e-4c3c-94e2-beb451f1d18a_3847_1223.jpg,8
1d53d578-f42e-4c3c-94e2-beb451f1d18a_3847_1233.jpg,45
1d53d578-f42e-4c3c-94e2-beb451f1d18a_3847_1224.jpg,7
1d53d578-f42e-4c3c-94e2-beb451f1d18a_3861_1223.jpg,8
1d53d578-f42e-4c3c-94e2-beb451f1d18a_3861_1233.jpg,45
1d53d578-f42e-4c3c-94e2-beb451f1d18a_4039_1251.jpg,17
1d53d578-f42e-4c3c-94e2-beb451f1d18a_4061_1251.jpg,17
1d53d578-f42e-4c3c-94e2-beb451f1d18a_4061_1262.jpg,15
1d53d578-f42e-4c3c-94e2-beb451f1d18a_4061_1275.jpg,9
1d53d578-f42e-4c3c-94e2-beb451f1d18a_4115_1275.jpg,null
1d53d578-f42e-4c3c-94e2-beb451f1d18a_4115_1251.jpg,17
1d53d578-f42e-4c3c-94e2-beb451f1d18a_4115_1297.jpg,45
1d53d578-f42e-4c3c-94e2-beb451f1d18a_4117_1251.jpg,17
1d53d578-f42e-4c3c-94e2-beb451f1d18a_4117_1250.jpg,null
1d53d578-f42e-4c3c-94e2-beb451f1d18a_4117_1297.jpg,45
1d53d578-f42e-4c3c-94e2-beb451f1d18a_4117_1302.jpg,19
1d53d578-f42e-4c3c-94e2-beb451f1d18a_4310_1349.jpg,null
1d53d578-f42e-4c3c-94e2-beb451f1d18a_4340_1349.jpg,0
72cd7abe-d40b-4fb7-bf24-7195cac6c818_304_1.jpg,null
9566add9-e2b2-4576-83e5-73622fb895c4_291_1.jpg,null
a68692cf-59a0-4a99-abfa-f44686c403af_241_1.jpg,null
4694b66f-28f6-4e18-b1d7-8b12c9491c2a_303_1.jpg,null
c2b9382b-9fca-45cb-9bb0-35848e99fb00_241_1.jpg,2
d845955c-abe3-40b8-8fa8-a51a69252933_291_1.jpg,null
84b5f8db-ad46-4073-a40e-d7f744a6502a_302_1.jpg,null
81e6f068-c277-4159-9b3c-27f73c765c10_241_1.jpg,0
f5652287-9bb1-4d20-ba57-78c8f3ae5c3c_302_1.jpg,null
10f31b17-9ada-4525-a0aa-39159e315c77_303_1.jpg,null
fcbf5a04-f8a9-437b-8ff8-c73194d36570_298_1.jpg,null
fcbf5a04-f8a9-437b-8ff8-c73194d36570_301_1.jpg,null
82e5a2ca-f4c7-48f9-85cf-b7f37e399573_297_1.jpg,null
fa7c3b5c-74eb-4a42-985f-42c2cffbc628_288_1.jpg,8
2ef1aa90-bc56-47c8-9855-704d439fd54a_577_12.jpg,17
2ef1aa90-bc56-47c8-9855-704d439fd54a_1416_230.jpg,5
2ef1aa90-bc56-47c8-9855-704d439fd54a_1489_231.jpg,7
2ef1aa90-bc56-47c8-9855-704d439fd54a_1575_231.jpg,7
2ef1aa90-bc56-47c8-9855-704d439fd54a_1620_231.jpg,7
2ef1aa90-bc56-47c8-9855-704d439fd54a_1713_269.jpg,28
2ef1aa90-bc56-47c8-9855-704d439fd54a_1713_272.jpg,17
2ef1aa90-bc56-47c8-9855-704d439fd54a_1949_307.jpg,10
2ef1aa90-bc56-47c8-9855-704d439fd54a_2839_385.jpg,10
2ef1aa90-bc56-47c8-9855-704d439fd54a_2839_386.jpg,5
2ef1aa90-bc56-47c8-9855-704d439fd54a_2839_387.jpg,7
2ef1aa90-bc56-47c8-9855-704d439fd54a_2944_389.jpg,31
2ef1aa90-bc56-47c8-9855-704d439fd54a_2944_384.jpg,null
2ef1aa90-bc56-47c8-9855-704d439fd54a_2944_390.jpg,28
2ef1aa90-bc56-47c8-9855-704d439fd54a_2944_394.jpg,10
2ef1aa90-bc56-47c8-9855-704d439fd54a_2944_387.jpg,7
2ef1aa90-bc56-47c8-9855-704d439fd54a_3796_530.jpg,17
2ef1aa90-bc56-47c8-9855-704d439fd54a_3885_538.jpg,17
2ef1aa90-bc56-47c8-9855-704d439fd54a_3911_538.jpg,17
2ef1aa90-bc56-47c8-9855-704d439fd54a_3995_530.jpg,24
2ef1aa90-bc56-47c8-9855-704d439fd54a_4155_588.jpg,38
2ef1aa90-bc56-47c8-9855-704d439fd54a_4155_530.jpg,8
2ef1aa90-bc56-47c8-9855-704d439fd54a_4391_606.jpg,77
2ef1aa90-bc56-47c8-9855-704d439fd54a_4801_649.jpg,5
2ef1aa90-bc56-47c8-9855-704d439fd54a_5640_780.jpg,17
2ef1aa90-bc56-47c8-9855-704d439fd54a_5640_781.jpg,16
2ef1aa90-bc56-47c8-9855-704d439fd54a_5763_791.jpg,6
2ef1aa90-bc56-47c8-9855-704d439fd54a_5862_803.jpg,null
2ef1aa90-bc56-47c8-9855-704d439fd54a_6300_882.jpg,12
2ef1aa90-bc56-47c8-9855-704d439fd54a_6300_881.jpg,11
2ef1aa90-bc56-47c8-9855-704d439fd54a_7191_1103.jpg,16
2ef1aa90-bc56-47c8-9855-704d439fd54a_7922_1265.jpg,17
2ef1aa90-bc56-47c8-9855-704d439fd54a_7922_1282.jpg,13
2ef1aa90-bc56-47c8-9855-704d439fd54a_7922_1281.jpg,16
2ef1aa90-bc56-47c8-9855-704d439fd54a_7980_1282.jpg,8
2ef1aa90-bc56-47c8-9855-704d439fd54a_7980_1265.jpg,17
2ef1aa90-bc56-47c8-9855-704d439fd54a_8000_1265.jpg,17
2ef1aa90-bc56-47c8-9855-704d439fd54a_8000_1282.jpg,8
2ef1aa90-bc56-47c8-9855-704d439fd54a_8041_1265.jpg,17
2ef1aa90-bc56-47c8-9855-704d439fd54a_9048_1420.jpg,27
2ef1aa90-bc56-47c8-9855-704d439fd54a_9048_1419.jpg,16
2ef1aa90-bc56-47c8-9855-704d439fd54a_9200_1427.jpg,16
670507b5-8d62-4b25-b3f0-2135536fd10c_98_4.jpg,null
670507b5-8d62-4b25-b3f0-2135536fd10c_98_14.jpg,null
670507b5-8d62-4b25-b3f0-2135536fd10c_258_27.jpg,7
670507b5-8d62-4b25-b3f0-2135536fd10c_337_27.jpg,77
670507b5-8d62-4b25-b3f0-2135536fd10c_740_102.jpg,4
670507b5-8d62-4b25-b3f0-2135536fd10c_821_120.jpg,90
670507b5-8d62-4b25-b3f0-2135536fd10c_960_139.jpg,12
670507b5-8d62-4b25-b3f0-2135536fd10c_964_120.jpg,7
670507b5-8d62-4b25-b3f0-2135536fd10c_1672_424.jpg,7
670507b5-8d62-4b25-b3f0-2135536fd10c_1872_461.jpg,90
670507b5-8d62-4b25-b3f0-2135536fd10c_1910_469.jpg,9
670507b5-8d62-4b25-b3f0-2135536fd10c_1910_461.jpg,30
670507b5-8d62-4b25-b3f0-2135536fd10c_1938_461.jpg,90
670507b5-8d62-4b25-b3f0-2135536fd10c_2455_608.jpg,23
670507b5-8d62-4b25-b3f0-2135536fd10c_2563_633.jpg,52
670507b5-8d62-4b25-b3f0-2135536fd10c_2563_638.jpg,21
670507b5-8d62-4b25-b3f0-2135536fd10c_2563_627.jpg,20
670507b5-8d62-4b25-b3f0-2135536fd10c_2764_695.jpg,59
670507b5-8d62-4b25-b3f0-2135536fd10c_2764_694.jpg,32
670507b5-8d62-4b25-b3f0-2135536fd10c_2764_699.jpg,2
670507b5-8d62-4b25-b3f0-2135536fd10c_2764_702.jpg,16
670507b5-8d62-4b25-b3f0-2135536fd10c_2764_705.jpg,52
670507b5-8d62-4b25-b3f0-2135536fd10c_2797_702.jpg,16
670507b5-8d62-4b25-b3f0-2135536fd10c_2797_699.jpg,2
670507b5-8d62-4b25-b3f0-2135536fd10c_2797_694.jpg,2
670507b5-8d62-4b25-b3f0-2135536fd10c_3077_774.jpg,14
670507b5-8d62-4b25-b3f0-2135536fd10c_3077_771.jpg,0
670507b5-8d62-4b25-b3f0-2135536fd10c_3130_765.jpg,22
670507b5-8d62-4b25-b3f0-2135536fd10c_3130_771.jpg,11
670507b5-8d62-4b25-b3f0-2135536fd10c_3130_772.jpg,14
670507b5-8d62-4b25-b3f0-2135536fd10c_3139_771.jpg,11
670507b5-8d62-4b25-b3f0-2135536fd10c_3139_772.jpg,14
670507b5-8d62-4b25-b3f0-2135536fd10c_3147_765.jpg,22
670507b5-8d62-4b25-b3f0-2135536fd10c_3147_772.jpg,14
670507b5-8d62-4b25-b3f0-2135536fd10c_3147_771.jpg,11
670507b5-8d62-4b25-b3f0-2135536fd10c_3280_800.jpg,null
670507b5-8d62-4b25-b3f0-2135536fd10c_3280_794.jpg,20
670507b5-8d62-4b25-b3f0-2135536fd10c_3370_813.jpg,32
670507b5-8d62-4b25-b3f0-2135536fd10c_3370_828.jpg,3
670507b5-8d62-4b25-b3f0-2135536fd10c_3409_831.jpg,99
670507b5-8d62-4b25-b3f0-2135536fd10c_3409_815.jpg,7
670507b5-8d62-4b25-b3f0-2135536fd10c_3409_848.jpg,2
670507b5-8d62-4b25-b3f0-2135536fd10c_3488_876.jpg,1
670507b5-8d62-4b25-b3f0-2135536fd10c_3511_876.jpg,1
670507b5-8d62-4b25-b3f0-2135536fd10c_3523_876.jpg,null
670507b5-8d62-4b25-b3f0-2135536fd10c_3637_903.jpg,20
670507b5-8d62-4b25-b3f0-2135536fd10c_3638_903.jpg,20
670507b5-8d62-4b25-b3f0-2135536fd10c_4100_973.jpg,9
860e28a8-41e9-40a5-9840-01d05bbb9883_1206_145.jpg,11
860e28a8-41e9-40a5-9840-01d05bbb9883_1219_146.jpg,26
860e28a8-41e9-40a5-9840-01d05bbb9883_1269_150.jpg,2
860e28a8-41e9-40a5-9840-01d05bbb9883_1280_150.jpg,6
860e28a8-41e9-40a5-9840-01d05bbb9883_1284_150.jpg,1
860e28a8-41e9-40a5-9840-01d05bbb9883_2196_258.jpg,23
860e28a8-41e9-40a5-9840-01d05bbb9883_2211_258.jpg,23
860e28a8-41e9-40a5-9840-01d05bbb9883_2224_258.jpg,23
860e28a8-41e9-40a5-9840-01d05bbb9883_2229_258.jpg,23
860e28a8-41e9-40a5-9840-01d05bbb9883_2461_284.jpg,9
860e28a8-41e9-40a5-9840-01d05bbb9883_2461_285.jpg,10
860e28a8-41e9-40a5-9840-01d05bbb9883_2461_288.jpg,23
860e28a8-41e9-40a5-9840-01d05bbb9883_2672_307.jpg,20
d75e5757-b248-4dd9-9e65-a4ac4e3f6b0f_126_3.jpg,8
d75e5757-b248-4dd9-9e65-a4ac4e3f6b0f_289_3.jpg,null
d75e5757-b248-4dd9-9e65-a4ac4e3f6b0f_444_35.jpg,10
d75e5757-b248-4dd9-9e65-a4ac4e3f6b0f_444_46.jpg,null
d75e5757-b248-4dd9-9e65-a4ac4e3f6b0f_512_11.jpg,15
d75e5757-b248-4dd9-9e65-a4ac4e3f6b0f_582_123.jpg,2
d75e5757-b248-4dd9-9e65-a4ac4e3f6b0f_676_130.jpg,2
d75e5757-b248-4dd9-9e65-a4ac4e3f6b0f_823_133.jpg,7
d75e5757-b248-4dd9-9e65-a4ac4e3f6b0f_826_133.jpg,7
d75e5757-b248-4dd9-9e65-a4ac4e3f6b0f_990_153.jpg,7
d75e5757-b248-4dd9-9e65-a4ac4e3f6b0f_1131_173.jpg,18
d75e5757-b248-4dd9-9e65-a4ac4e3f6b0f_1149_173.jpg,13
d75e5757-b248-4dd9-9e65-a4ac4e3f6b0f_1274_228.jpg,19
d75e5757-b248-4dd9-9e65-a4ac4e3f6b0f_1309_228.jpg,16
d75e5757-b248-4dd9-9e65-a4ac4e3f6b0f_1342_248.jpg,19
d75e5757-b248-4dd9-9e65-a4ac4e3f6b0f_1418_249.jpg,15
d75e5757-b248-4dd9-9e65-a4ac4e3f6b0f_1433_249.jpg,6
d75e5757-b248-4dd9-9e65-a4ac4e3f6b0f_1926_284.jpg,0
d75e5757-b248-4dd9-9e65-a4ac4e3f6b0f_1960_296.jpg,41
d75e5757-b248-4dd9-9e65-a4ac4e3f6b0f_1960_284.jpg,10
d75e5757-b248-4dd9-9e65-a4ac4e3f6b0f_2017_296.jpg,41
d75e5757-b248-4dd9-9e65-a4ac4e3f6b0f_2017_284.jpg,10
d75e5757-b248-4dd9-9e65-a4ac4e3f6b0f_2032_310.jpg,6
d75e5757-b248-4dd9-9e65-a4ac4e3f6b0f_2032_318.jpg,9
d75e5757-b248-4dd9-9e65-a4ac4e3f6b0f_2147_361.jpg,15
d75e5757-b248-4dd9-9e65-a4ac4e3f6b0f_2148_361.jpg,15
d75e5757-b248-4dd9-9e65-a4ac4e3f6b0f_2148_363.jpg,6
d75e5757-b248-4dd9-9e65-a4ac4e3f6b0f_2188_361.jpg,15
d75e5757-b248-4dd9-9e65-a4ac4e3f6b0f_2194_361.jpg,6
d75e5757-b248-4dd9-9e65-a4ac4e3f6b0f_2194_362.jpg,null
d75e5757-b248-4dd9-9e65-a4ac4e3f6b0f_2195_361.jpg,5
d75e5757-b248-4dd9-9e65-a4ac4e3f6b0f_2206_361.jpg,15
f853d0f2-7b42-4e5b-824d-b8c0f5994490_1102_19.jpg,16
f853d0f2-7b42-4e5b-824d-b8c0f5994490_2170_48.jpg,7
f853d0f2-7b42-4e5b-824d-b8c0f5994490_3089_222.jpg,23
f853d0f2-7b42-4e5b-824d-b8c0f5994490_3089_210.jpg,10
f853d0f2-7b42-4e5b-824d-b8c0f5994490_3107_210.jpg,10
f853d0f2-7b42-4e5b-824d-b8c0f5994490_3148_210.jpg,17
f853d0f2-7b42-4e5b-824d-b8c0f5994490_3343_238.jpg,25
f853d0f2-7b42-4e5b-824d-b8c0f5994490_3343_246.jpg,21
f853d0f2-7b42-4e5b-824d-b8c0f5994490_3346_238.jpg,25
f853d0f2-7b42-4e5b-824d-b8c0f5994490_3346_246.jpg,15
f853d0f2-7b42-4e5b-824d-b8c0f5994490_3386_238.jpg,21
f853d0f2-7b42-4e5b-824d-b8c0f5994490_3386_246.jpg,10
f853d0f2-7b42-4e5b-824d-b8c0f5994490_3386_247.jpg,null
f853d0f2-7b42-4e5b-824d-b8c0f5994490_3392_246.jpg,15
f853d0f2-7b42-4e5b-824d-b8c0f5994490_3392_238.jpg,9
f853d0f2-7b42-4e5b-824d-b8c0f5994490_3415_246.jpg,18
f853d0f2-7b42-4e5b-824d-b8c0f5994490_3415_238.jpg,7
f853d0f2-7b42-4e5b-824d-b8c0f5994490_3484_238.jpg,23
f853d0f2-7b42-4e5b-824d-b8c0f5994490_3484_246.jpg,5
f853d0f2-7b42-4e5b-824d-b8c0f5994490_3560_238.jpg,27
f853d0f2-7b42-4e5b-824d-b8c0f5994490_3560_246.jpg,15
f853d0f2-7b42-4e5b-824d-b8c0f5994490_3579_246.jpg,5
f853d0f2-7b42-4e5b-824d-b8c0f5994490_3579_238.jpg,2
f853d0f2-7b42-4e5b-824d-b8c0f5994490_4034_267.jpg,3
f853d0f2-7b42-4e5b-824d-b8c0f5994490_4068_267.jpg,3
f853d0f2-7b42-4e5b-824d-b8c0f5994490_4068_259.jpg,5
f853d0f2-7b42-4e5b-824d-b8c0f5994490_4079_267.jpg,9
f853d0f2-7b42-4e5b-824d-b8c0f5994490_4079_271.jpg,4
f853d0f2-7b42-4e5b-824d-b8c0f5994490_4694_330.jpg,4
f853d0f2-7b42-4e5b-824d-b8c0f5994490_4743_329.jpg,27
f853d0f2-7b42-4e5b-824d-b8c0f5994490_5036_348.jpg,null
f853d0f2-7b42-4e5b-824d-b8c0f5994490_5103_374.jpg,null
f853d0f2-7b42-4e5b-824d-b8c0f5994490_5118_374.jpg,null
14d9d081-c612-4c83-882d-5d0100dd2cc6_2036_32.jpg,9
14d9d081-c612-4c83-882d-5d0100dd2cc6_2106_43.jpg,8
14d9d081-c612-4c83-882d-5d0100dd2cc6_3003_210.jpg,null
14d9d081-c612-4c83-882d-5d0100dd2cc6_3079_210.jpg,10
14d9d081-c612-4c83-882d-5d0100dd2cc6_3079_220.jpg,7
14d9d081-c612-4c83-882d-5d0100dd2cc6_3081_210.jpg,10
14d9d081-c612-4c83-882d-5d0100dd2cc6_3134_222.jpg,14
14d9d081-c612-4c83-882d-5d0100dd2cc6_3134_221.jpg,11
14d9d081-c612-4c83-882d-5d0100dd2cc6_3134_210.jpg,10
14d9d081-c612-4c83-882d-5d0100dd2cc6_3150_221.jpg,87
14d9d081-c612-4c83-882d-5d0100dd2cc6_3268_228.jpg,null
14d9d081-c612-4c83-882d-5d0100dd2cc6_3268_232.jpg,null
14d9d081-c612-4c83-882d-5d0100dd2cc6_3294_231.jpg,null
14d9d081-c612-4c83-882d-5d0100dd2cc6_3317_238.jpg,25
14d9d081-c612-4c83-882d-5d0100dd2cc6_3317_246.jpg,15
14d9d081-c612-4c83-882d-5d0100dd2cc6_3339_238.jpg,25
14d9d081-c612-4c83-882d-5d0100dd2cc6_3339_246.jpg,15
14d9d081-c612-4c83-882d-5d0100dd2cc6_3350_238.jpg,25
14d9d081-c612-4c83-882d-5d0100dd2cc6_3350_246.jpg,15
14d9d081-c612-4c83-882d-5d0100dd2cc6_3362_246.jpg,15
14d9d081-c612-4c83-882d-5d0100dd2cc6_3362_238.jpg,95
14d9d081-c612-4c83-882d-5d0100dd2cc6_3362_247.jpg,null
14d9d081-c612-4c83-882d-5d0100dd2cc6_3369_246.jpg,15
14d9d081-c612-4c83-882d-5d0100dd2cc6_3369_238.jpg,25
14d9d081-c612-4c83-882d-5d0100dd2cc6_3374_238.jpg,25
14d9d081-c612-4c83-882d-5d0100dd2cc6_3427_238.jpg,9
14d9d081-c612-4c83-882d-5d0100dd2cc6_3427_246.jpg,13
14d9d081-c612-4c83-882d-5d0100dd2cc6_3559_238.jpg,23
14d9d081-c612-4c83-882d-5d0100dd2cc6_3559_246.jpg,15
14d9d081-c612-4c83-882d-5d0100dd2cc6_3646_246.jpg,5
14d9d081-c612-4c83-882d-5d0100dd2cc6_3676_238.jpg,7
14d9d081-c612-4c83-882d-5d0100dd2cc6_3676_246.jpg,9
14d9d081-c612-4c83-882d-5d0100dd2cc6_4062_267.jpg,3
14d9d081-c612-4c83-882d-5d0100dd2cc6_4062_259.jpg,5
14d9d081-c612-4c83-882d-5d0100dd2cc6_4186_287.jpg,1
14d9d081-c612-4c83-882d-5d0100dd2cc6_4195_291.jpg,33
14d9d081-c612-4c83-882d-5d0100dd2cc6_4195_294.jpg,16
14d9d081-c612-4c83-882d-5d0100dd2cc6_4700_330.jpg,4
14d9d081-c612-4c83-882d-5d0100dd2cc6_5093_374.jpg,7
14d9d081-c612-4c83-882d-5d0100dd2cc6_5145_383.jpg,7
14d9d081-c612-4c83-882d-5d0100dd2cc6_5164_358.jpg,null
a3777041-d686-4d63-9302-8a592c5b3348_2050_46.jpg,8
a3777041-d686-4d63-9302-8a592c5b3348_2050_82.jpg,2
a3777041-d686-4d63-9302-8a592c5b3348_2368_48.jpg,7
a3777041-d686-4d63-9302-8a592c5b3348_3177_73.jpg,null
a3777041-d686-4d63-9302-8a592c5b3348_3315_46.jpg,5
a3777041-d686-4d63-9302-8a592c5b3348_3315_59.jpg,10
a3777041-d686-4d63-9302-8a592c5b3348_3405_81.jpg,15
a3777041-d686-4d63-9302-8a592c5b3348_3496_58.jpg,22
a3777041-d686-4d63-9302-8a592c5b3348_3496_5.jpg,5
a3777041-d686-4d63-9302-8a592c5b3348_3920_55.jpg,22
a3777041-d686-4d63-9302-8a592c5b3348_3973_7.jpg,null
a3777041-d686-4d63-9302-8a592c5b3348_4011_96.jpg,3
a3777041-d686-4d63-9302-8a592c5b3348_4112_60.jpg,3
a3777041-d686-4d63-9302-8a592c5b3348_4179_73.jpg,6
a3777041-d686-4d63-9302-8a592c5b3348_4179_5.jpg,5
a3777041-d686-4d63-9302-8a592c5b3348_4193_44.jpg,16
a3777041-d686-4d63-9302-8a592c5b3348_4308_75.jpg,30
a3777041-d686-4d63-9302-8a592c5b3348_4355_100.jpg,16
a3777041-d686-4d63-9302-8a592c5b3348_4619_90.jpg,3
a3777041-d686-4d63-9302-8a592c5b3348_4762_93.jpg,23
a3777041-d686-4d63-9302-8a592c5b3348_5093_99.jpg,null
a3777041-d686-4d63-9302-8a592c5b3348_5093_53.jpg,7
a3777041-d686-4d63-9302-8a592c5b3348_5169_25.jpg,7
a3777041-d686-4d63-9302-8a592c5b3348_5172_72.jpg,null
e289ac5a-063c-466a-912a-1ff896a48e28_294_1.jpg,null
6fa664fc-5c28-4070-9f22-807f15b12632_288_1.jpg,null
e0854416-3e4b-44b5-a1a8-36d289c17c39_294_1.jpg,null
82e7ed20-40fe-46d0-8038-197c3b30545e_288_1.jpg,9
79d4a354-ba69-427b-9b10-3894608897d9_291_1.jpg,7
f1c8566a-a540-4bc7-a9e3-8c61d70400da_290_1.jpg,9
3e7686a4-2f58-44ee-af95-130198611553_293_1.jpg,null
2c9b2276-0267-4156-80d5-acc327ec1aab_294_1.jpg,null
a1217fee-0b90-4114-a775-43e89197e204_290_1.jpg,null
345ddc8c-1146-45e6-913e-665e224669f8_288_1.jpg,null
87961988-6184-464b-b6e9-f5ed1dfece29_288_1.jpg,null
ea6e3dff-8680-4a13-b7b6-e8971c7e0679_454_18.jpg,10
ea6e3dff-8680-4a13-b7b6-e8971c7e0679_1044_48.jpg,7
ea6e3dff-8680-4a13-b7b6-e8971c7e0679_1089_48.jpg,72
ea6e3dff-8680-4a13-b7b6-e8971c7e0679_1283_62.jpg,0
ea6e3dff-8680-4a13-b7b6-e8971c7e0679_1331_62.jpg,null
ea6e3dff-8680-4a13-b7b6-e8971c7e0679_1672_91.jpg,null
ea6e3dff-8680-4a13-b7b6-e8971c7e0679_1675_91.jpg,7
ea6e3dff-8680-4a13-b7b6-e8971c7e0679_1834_97.jpg,2
ea6e3dff-8680-4a13-b7b6-e8971c7e0679_1885_89.jpg,6
ea6e3dff-8680-4a13-b7b6-e8971c7e0679_2154_124.jpg,20
ea6e3dff-8680-4a13-b7b6-e8971c7e0679_2181_126.jpg,15
ea6e3dff-8680-4a13-b7b6-e8971c7e0679_2181_130.jpg,27
ea6e3dff-8680-4a13-b7b6-e8971c7e0679_2395_71.jpg,22
ea6e3dff-8680-4a13-b7b6-e8971c7e0679_2395_149.jpg,25
ea6e3dff-8680-4a13-b7b6-e8971c7e0679_2451_71.jpg,22
ea6e3dff-8680-4a13-b7b6-e8971c7e0679_2451_155.jpg,3
ea6e3dff-8680-4a13-b7b6-e8971c7e0679_2540_71.jpg,22
ea6e3dff-8680-4a13-b7b6-e8971c7e0679_2540_149.jpg,25
ea6e3dff-8680-4a13-b7b6-e8971c7e0679_2645_178.jpg,4
ea6e3dff-8680-4a13-b7b6-e8971c7e0679_2645_173.jpg,21
ea6e3dff-8680-4a13-b7b6-e8971c7e0679_2749_186.jpg,26
ea6e3dff-8680-4a13-b7b6-e8971c7e0679_2749_183.jpg,7
ea6e3dff-8680-4a13-b7b6-e8971c7e0679_2749_185.jpg,10
ea6e3dff-8680-4a13-b7b6-e8971c7e0679_2978_204.jpg,7
ea6e3dff-8680-4a13-b7b6-e8971c7e0679_3017_223.jpg,10
ea6e3dff-8680-4a13-b7b6-e8971c7e0679_3097_156.jpg,null
ea6e3dff-8680-4a13-b7b6-e8971c7e0679_3097_223.jpg,11
ea6e3dff-8680-4a13-b7b6-e8971c7e0679_3201_226.jpg,21
ea6e3dff-8680-4a13-b7b6-e8971c7e0679_3607_245.jpg,23
ea6e3dff-8680-4a13-b7b6-e8971c7e0679_3607_246.jpg,25
ea6e3dff-8680-4a13-b7b6-e8971c7e0679_3629_245.jpg,23
ea6e3dff-8680-4a13-b7b6-e8971c7e0679_3629_246.jpg,25
ea6e3dff-8680-4a13-b7b6-e8971c7e0679_3763_246.jpg,25
ea6e3dff-8680-4a13-b7b6-e8971c7e0679_4385_292.jpg,20
ea6e3dff-8680-4a13-b7b6-e8971c7e0679_4896_236.jpg,null
ea6e3dff-8680-4a13-b7b6-e8971c7e0679_5149_340.jpg,null
ea6e3dff-8680-4a13-b7b6-e8971c7e0679_5512_366.jpg,26
ea6e3dff-8680-4a13-b7b6-e8971c7e0679_5528_236.jpg,null
ea6e3dff-8680-4a13-b7b6-e8971c7e0679_5528_366.jpg,26
ea6e3dff-8680-4a13-b7b6-e8971c7e0679_5549_366.jpg,26
ea6e3dff-8680-4a13-b7b6-e8971c7e0679_5621_366.jpg,21
ea6e3dff-8680-4a13-b7b6-e8971c7e0679_5853_369.jpg,null
ea6e3dff-8680-4a13-b7b6-e8971c7e0679_5853_370.jpg,2
ea6e3dff-8680-4a13-b7b6-e8971c7e0679_6125_375.jpg,3
ea6e3dff-8680-4a13-b7b6-e8971c7e0679_6132_375.jpg,3
ea6e3dff-8680-4a13-b7b6-e8971c7e0679_6196_369.jpg,null
ea6e3dff-8680-4a13-b7b6-e8971c7e0679_6196_378.jpg,10
ea6e3dff-8680-4a13-b7b6-e8971c7e0679_6373_383.jpg,7
ea6e3dff-8680-4a13-b7b6-e8971c7e0679_6373_392.jpg,0
ea6e3dff-8680-4a13-b7b6-e8971c7e0679_6399_383.jpg,7
ea6e3dff-8680-4a13-b7b6-e8971c7e0679_6399_395.jpg,17
ea6e3dff-8680-4a13-b7b6-e8971c7e0679_6399_394.jpg,null
ea6e3dff-8680-4a13-b7b6-e8971c7e0679_6728_422.jpg,29
ea6e3dff-8680-4a13-b7b6-e8971c7e0679_6756_422.jpg,29
ea6e3dff-8680-4a13-b7b6-e8971c7e0679_6987_447.jpg,80
ea6e3dff-8680-4a13-b7b6-e8971c7e0679_7289_459.jpg,7
ea6e3dff-8680-4a13-b7b6-e8971c7e0679_7301_462.jpg,80
ea6e3dff-8680-4a13-b7b6-e8971c7e0679_7642_485.jpg,26
ea6e3dff-8680-4a13-b7b6-e8971c7e0679_7642_484.jpg,10
ea6e3dff-8680-4a13-b7b6-e8971c7e0679_7991_541.jpg,1
ea6e3dff-8680-4a13-b7b6-e8971c7e0679_8055_552.jpg,null
ea6e3dff-8680-4a13-b7b6-e8971c7e0679_8120_552.jpg,null
5622e57d-342e-4050-a980-abcefd79e1d6_290_1.jpg,null
477e56c0-4780-43d7-a097-f34676910ecb_241_1.jpg,null
a49da3f9-e456-4888-88ff-54f221c00416_2233_258.jpg,23
a49da3f9-e456-4888-88ff-54f221c00416_2240_258.jpg,23
a49da3f9-e456-4888-88ff-54f221c00416_2474_284.jpg,9
a49da3f9-e456-4888-88ff-54f221c00416_2474_281.jpg,34
a49da3f9-e456-4888-88ff-54f221c00416_2474_288.jpg,23
a49da3f9-e456-4888-88ff-54f221c00416_2474_285.jpg,10
a49da3f9-e456-4888-88ff-54f221c00416_2474_286.jpg,null
a49da3f9-e456-4888-88ff-54f221c00416_2517_290.jpg,20
a49da3f9-e456-4888-88ff-54f221c00416_2517_288.jpg,33
a49da3f9-e456-4888-88ff-54f221c00416_2517_281.jpg,34
a49da3f9-e456-4888-88ff-54f221c00416_2517_285.jpg,10
a49da3f9-e456-4888-88ff-54f221c00416_2627_302.jpg,20
a49da3f9-e456-4888-88ff-54f221c00416_2658_307.jpg,20
a49da3f9-e456-4888-88ff-54f221c00416_2683_307.jpg,26
a49da3f9-e456-4888-88ff-54f221c00416_2970_373.jpg,1
59f4c041-353e-42f1-8521-cb40af5627db_401_6.jpg,15
59f4c041-353e-42f1-8521-cb40af5627db_1710_24.jpg,9
59f4c041-353e-42f1-8521-cb40af5627db_1730_24.jpg,25
59f4c041-353e-42f1-8521-cb40af5627db_1756_24.jpg,7
59f4c041-353e-42f1-8521-cb40af5627db_2071_32.jpg,29
59f4c041-353e-42f1-8521-cb40af5627db_2071_30.jpg,2
59f4c041-353e-42f1-8521-cb40af5627db_2130_43.jpg,9
59f4c041-353e-42f1-8521-cb40af5627db_2179_48.jpg,7
59f4c041-353e-42f1-8521-cb40af5627db_2188_48.jpg,7
59f4c041-353e-42f1-8521-cb40af5627db_2189_48.jpg,7
59f4c041-353e-42f1-8521-cb40af5627db_3022_74.jpg,18
59f4c041-353e-42f1-8521-cb40af5627db_3078_210.jpg,10
59f4c041-353e-42f1-8521-cb40af5627db_3088_222.jpg,28
59f4c041-353e-42f1-8521-cb40af5627db_3088_210.jpg,10
59f4c041-353e-42f1-8521-cb40af5627db_3138_221.jpg,10
59f4c041-353e-42f1-8521-cb40af5627db_3138_210.jpg,10
59f4c041-353e-42f1-8521-cb40af5627db_3324_238.jpg,35
59f4c041-353e-42f1-8521-cb40af5627db_3324_246.jpg,9
59f4c041-353e-42f1-8521-cb40af5627db_3372_246.jpg,1
59f4c041-353e-42f1-8521-cb40af5627db_3372_238.jpg,25
59f4c041-353e-42f1-8521-cb40af5627db_3494_238.jpg,22
59f4c041-353e-42f1-8521-cb40af5627db_3494_246.jpg,5
59f4c041-353e-42f1-8521-cb40af5627db_3688_238.jpg,2
59f4c041-353e-42f1-8521-cb40af5627db_3688_246.jpg,9
59f4c041-353e-42f1-8521-cb40af5627db_4006_259.jpg,5
59f4c041-353e-42f1-8521-cb40af5627db_4008_267.jpg,2
59f4c041-353e-42f1-8521-cb40af5627db_4037_267.jpg,3
59f4c041-353e-42f1-8521-cb40af5627db_4042_267.jpg,3
59f4c041-353e-42f1-8521-cb40af5627db_4104_267.jpg,3
59f4c041-353e-42f1-8521-cb40af5627db_4104_271.jpg,17
59f4c041-353e-42f1-8521-cb40af5627db_4169_294.jpg,5
59f4c041-353e-42f1-8521-cb40af5627db_4169_287.jpg,5
59f4c041-353e-42f1-8521-cb40af5627db_4169_267.jpg,3
59f4c041-353e-42f1-8521-cb40af5627db_4607_311.jpg,3
59f4c041-353e-42f1-8521-cb40af5627db_4632_311.jpg,3
59f4c041-353e-42f1-8521-cb40af5627db_4641_311.jpg,3
249a5558-ac91-4c9d-83e7-dd8f7061a9a3_2008_32.jpg,8
249a5558-ac91-4c9d-83e7-dd8f7061a9a3_2008_30.jpg,7
249a5558-ac91-4c9d-83e7-dd8f7061a9a3_2033_32.jpg,8
249a5558-ac91-4c9d-83e7-dd8f7061a9a3_2033_30.jpg,7
249a5558-ac91-4c9d-83e7-dd8f7061a9a3_2033_35.jpg,16
249a5558-ac91-4c9d-83e7-dd8f7061a9a3_2044_32.jpg,8
249a5558-ac91-4c9d-83e7-dd8f7061a9a3_2044_30.jpg,2
249a5558-ac91-4c9d-83e7-dd8f7061a9a3_2064_32.jpg,8
249a5558-ac91-4c9d-83e7-dd8f7061a9a3_2064_30.jpg,2
249a5558-ac91-4c9d-83e7-dd8f7061a9a3_2071_30.jpg,2
249a5558-ac91-4c9d-83e7-dd8f7061a9a3_2264_58.jpg,11
249a5558-ac91-4c9d-83e7-dd8f7061a9a3_2343_70.jpg,3
249a5558-ac91-4c9d-83e7-dd8f7061a9a3_3086_210.jpg,10
249a5558-ac91-4c9d-83e7-dd8f7061a9a3_3186_223.jpg,20
249a5558-ac91-4c9d-83e7-dd8f7061a9a3_3410_246.jpg,6
249a5558-ac91-4c9d-83e7-dd8f7061a9a3_3410_238.jpg,7
249a5558-ac91-4c9d-83e7-dd8f7061a9a3_3471_238.jpg,23
249a5558-ac91-4c9d-83e7-dd8f7061a9a3_3532_246.jpg,15
249a5558-ac91-4c9d-83e7-dd8f7061a9a3_3532_238.jpg,25
249a5558-ac91-4c9d-83e7-dd8f7061a9a3_3671_238.jpg,9
249a5558-ac91-4c9d-83e7-dd8f7061a9a3_4102_267.jpg,3
249a5558-ac91-4c9d-83e7-dd8f7061a9a3_4102_271.jpg,7
249a5558-ac91-4c9d-83e7-dd8f7061a9a3_4147_267.jpg,3
249a5558-ac91-4c9d-83e7-dd8f7061a9a3_4217_291.jpg,23
249a5558-ac91-4c9d-83e7-dd8f7061a9a3_4579_311.jpg,3
249a5558-ac91-4c9d-83e7-dd8f7061a9a3_4579_313.jpg,6
249a5558-ac91-4c9d-83e7-dd8f7061a9a3_4688_330.jpg,4
249a5558-ac91-4c9d-83e7-dd8f7061a9a3_4991_348.jpg,null
249a5558-ac91-4c9d-83e7-dd8f7061a9a3_5081_358.jpg,null
249a5558-ac91-4c9d-83e7-dd8f7061a9a3_5133_359.jpg,null
249a5558-ac91-4c9d-83e7-dd8f7061a9a3_5164_383.jpg,null
baac527f-bb75-4c09-a987-cc0294ca5657_400_1.jpg,16
baac527f-bb75-4c09-a987-cc0294ca5657_2004_32.jpg,8
baac527f-bb75-4c09-a987-cc0294ca5657_2023_32.jpg,8
baac527f-bb75-4c09-a987-cc0294ca5657_2023_30.jpg,11
baac527f-bb75-4c09-a987-cc0294ca5657_3306_235.jpg,22
baac527f-bb75-4c09-a987-cc0294ca5657_3306_210.jpg,5
baac527f-bb75-4c09-a987-cc0294ca5657_3314_210.jpg,5
baac527f-bb75-4c09-a987-cc0294ca5657_3314_235.jpg,0
baac527f-bb75-4c09-a987-cc0294ca5657_3320_210.jpg,25
baac527f-bb75-4c09-a987-cc0294ca5657_3320_235.jpg,13
baac527f-bb75-4c09-a987-cc0294ca5657_3412_228.jpg,null
baac527f-bb75-4c09-a987-cc0294ca5657_3412_235.jpg,10
baac527f-bb75-4c09-a987-cc0294ca5657_3412_210.jpg,9
baac527f-bb75-4c09-a987-cc0294ca5657_3474_210.jpg,25
baac527f-bb75-4c09-a987-cc0294ca5657_3474_235.jpg,5
baac527f-bb75-4c09-a987-cc0294ca5657_4052_267.jpg,3
baac527f-bb75-4c09-a987-cc0294ca5657_4052_254.jpg,5
baac527f-bb75-4c09-a987-cc0294ca5657_4058_267.jpg,3
baac527f-bb75-4c09-a987-cc0294ca5657_4058_254.jpg,5
baac527f-bb75-4c09-a987-cc0294ca5657_4090_266.jpg,4
baac527f-bb75-4c09-a987-cc0294ca5657_4090_267.jpg,3
baac527f-bb75-4c09-a987-cc0294ca5657_4610_311.jpg,3
baac527f-bb75-4c09-a987-cc0294ca5657_4610_305.jpg,29
baac527f-bb75-4c09-a987-cc0294ca5657_4619_311.jpg,3
baac527f-bb75-4c09-a987-cc0294ca5657_4646_311.jpg,7
baac527f-bb75-4c09-a987-cc0294ca5657_4700_306.jpg,4
baac527f-bb75-4c09-a987-cc0294ca5657_5041_363.jpg,null
baac527f-bb75-4c09-a987-cc0294ca5657_5050_358.jpg,null
baac527f-bb75-4c09-a987-cc0294ca5657_5050_362.jpg,null
eb1c484a-2c65-488d-9cb9-775f135a89d8_499_14.jpg,7
eb1c484a-2c65-488d-9cb9-775f135a89d8_513_14.jpg,9
eb1c484a-2c65-488d-9cb9-775f135a89d8_668_240.jpg,10
eb1c484a-2c65-488d-9cb9-775f135a89d8_1882_697.jpg,3
eb1c484a-2c65-488d-9cb9-775f135a89d8_1882_702.jpg,18
eb1c484a-2c65-488d-9cb9-775f135a89d8_1882_714.jpg,5
eb1c484a-2c65-488d-9cb9-775f135a89d8_1882_709.jpg,11
eb1c484a-2c65-488d-9cb9-775f135a89d8_1903_709.jpg,4
eb1c484a-2c65-488d-9cb9-775f135a89d8_1903_697.jpg,3
eb1c484a-2c65-488d-9cb9-775f135a89d8_1903_714.jpg,5
eb1c484a-2c65-488d-9cb9-775f135a89d8_1903_710.jpg,70
eb1c484a-2c65-488d-9cb9-775f135a89d8_1903_725.jpg,11
eb1c484a-2c65-488d-9cb9-775f135a89d8_2277_861.jpg,7
eb1c484a-2c65-488d-9cb9-775f135a89d8_2295_767.jpg,30
eb1c484a-2c65-488d-9cb9-775f135a89d8_2348_767.jpg,30
eb1c484a-2c65-488d-9cb9-775f135a89d8_2578_986.jpg,9
eb1c484a-2c65-488d-9cb9-775f135a89d8_3224_1129.jpg,7
eb1c484a-2c65-488d-9cb9-775f135a89d8_3274_1113.jpg,19
eb1c484a-2c65-488d-9cb9-775f135a89d8_3274_1129.jpg,32
eb1c484a-2c65-488d-9cb9-775f135a89d8_3284_1116.jpg,null
eb1c484a-2c65-488d-9cb9-775f135a89d8_3284_1113.jpg,19
eb1c484a-2c65-488d-9cb9-775f135a89d8_3284_1137.jpg,10
eb1c484a-2c65-488d-9cb9-775f135a89d8_3284_1129.jpg,32
eb1c484a-2c65-488d-9cb9-775f135a89d8_3284_1136.jpg,6
eb1c484a-2c65-488d-9cb9-775f135a89d8_3289_1116.jpg,2
eb1c484a-2c65-488d-9cb9-775f135a89d8_3289_1137.jpg,10
eb1c484a-2c65-488d-9cb9-775f135a89d8_3289_1121.jpg,9
eb1c484a-2c65-488d-9cb9-775f135a89d8_3289_1129.jpg,32
eb1c484a-2c65-488d-9cb9-775f135a89d8_3289_1113.jpg,10
eb1c484a-2c65-488d-9cb9-775f135a89d8_3289_1136.jpg,6
eb1c484a-2c65-488d-9cb9-775f135a89d8_3375_1142.jpg,5
eb1c484a-2c65-488d-9cb9-775f135a89d8_3812_1256.jpg,null
eb1c484a-2c65-488d-9cb9-775f135a89d8_3812_1262.jpg,45
eb1c484a-2c65-488d-9cb9-775f135a89d8_3837_1256.jpg,15
eb1c484a-2c65-488d-9cb9-775f135a89d8_3837_1262.jpg,45
eb1c484a-2c65-488d-9cb9-775f135a89d8_3837_1255.jpg,8
eb1c484a-2c65-488d-9cb9-775f135a89d8_3837_1266.jpg,9
eb1c484a-2c65-488d-9cb9-775f135a89d8_3884_1255.jpg,8
eb1c484a-2c65-488d-9cb9-775f135a89d8_3884_1262.jpg,45
eb1c484a-2c65-488d-9cb9-775f135a89d8_4059_1320.jpg,9
eb1c484a-2c65-488d-9cb9-775f135a89d8_4059_1302.jpg,17
eb1c484a-2c65-488d-9cb9-775f135a89d8_4059_1331.jpg,15
eb1c484a-2c65-488d-9cb9-775f135a89d8_4066_1302.jpg,17
eb1c484a-2c65-488d-9cb9-775f135a89d8_4066_1320.jpg,8
eb1c484a-2c65-488d-9cb9-775f135a89d8_4101_1302.jpg,17
eb1c484a-2c65-488d-9cb9-775f135a89d8_4101_1320.jpg,8
eb1c484a-2c65-488d-9cb9-775f135a89d8_4101_1338.jpg,45
eb1c484a-2c65-488d-9cb9-775f135a89d8_4101_1341.jpg,19
eb1c484a-2c65-488d-9cb9-775f135a89d8_4101_1345.jpg,9
eb1c484a-2c65-488d-9cb9-775f135a89d8_4109_1320.jpg,8
eb1c484a-2c65-488d-9cb9-775f135a89d8_4109_1302.jpg,17
eb1c484a-2c65-488d-9cb9-775f135a89d8_4109_1341.jpg,19
ed83be7b-1255-423a-bb9e-3bca894013b1_265_13.jpg,7
ed83be7b-1255-423a-bb9e-3bca894013b1_276_13.jpg,7
ed83be7b-1255-423a-bb9e-3bca894013b1_772_97.jpg,39
ed83be7b-1255-423a-bb9e-3bca894013b1_772_71.jpg,7
ed83be7b-1255-423a-bb9e-3bca894013b1_784_70.jpg,42
ed83be7b-1255-423a-bb9e-3bca894013b1_784_97.jpg,39
ed83be7b-1255-423a-bb9e-3bca894013b1_793_70.jpg,42
ed83be7b-1255-423a-bb9e-3bca894013b1_793_105.jpg,null
ed83be7b-1255-423a-bb9e-3bca894013b1_793_97.jpg,39
ed83be7b-1255-423a-bb9e-3bca894013b1_939_124.jpg,24
ed83be7b-1255-423a-bb9e-3bca894013b1_939_97.jpg,9
ed83be7b-1255-423a-bb9e-3bca894013b1_954_124.jpg,24
ed83be7b-1255-423a-bb9e-3bca894013b1_954_97.jpg,8
ed83be7b-1255-423a-bb9e-3bca894013b1_1134_127.jpg,22
ed83be7b-1255-423a-bb9e-3bca894013b1_1199_149.jpg,null
ed83be7b-1255-423a-bb9e-3bca894013b1_1522_209.jpg,22
ed83be7b-1255-423a-bb9e-3bca894013b1_1672_219.jpg,10
ed83be7b-1255-423a-bb9e-3bca894013b1_1989_253.jpg,21
ed83be7b-1255-423a-bb9e-3bca894013b1_1989_261.jpg,10
ed83be7b-1255-423a-bb9e-3bca894013b1_2034_261.jpg,10
ed83be7b-1255-423a-bb9e-3bca894013b1_2037_261.jpg,10
ed83be7b-1255-423a-bb9e-3bca894013b1_2062_261.jpg,10
ed83be7b-1255-423a-bb9e-3bca894013b1_2545_366.jpg,17
ed83be7b-1255-423a-bb9e-3bca894013b1_2747_370.jpg,6
ed83be7b-1255-423a-bb9e-3bca894013b1_2747_387.jpg,20
ed83be7b-1255-423a-bb9e-3bca894013b1_3121_513.jpg,24
ed83be7b-1255-423a-bb9e-3bca894013b1_3132_513.jpg,24
ed83be7b-1255-423a-bb9e-3bca894013b1_3286_518.jpg,10
ed83be7b-1255-423a-bb9e-3bca894013b1_3286_513.jpg,22
ed83be7b-1255-423a-bb9e-3bca894013b1_3585_579.jpg,42
ed83be7b-1255-423a-bb9e-3bca894013b1_3585_588.jpg,6
ed83be7b-1255-423a-bb9e-3bca894013b1_4483_752.jpg,45
ed83be7b-1255-423a-bb9e-3bca894013b1_5225_870.jpg,15
ed83be7b-1255-423a-bb9e-3bca894013b1_5225_864.jpg,27
ed83be7b-1255-423a-bb9e-3bca894013b1_5235_872.jpg,8
ed83be7b-1255-423a-bb9e-3bca894013b1_5235_870.jpg,15
8528e090-a6d8-48b2-8002-8134b78b8a4d_262_13.jpg,7
8528e090-a6d8-48b2-8002-8134b78b8a4d_522_50.jpg,12
8528e090-a6d8-48b2-8002-8134b78b8a4d_719_71.jpg,7
8528e090-a6d8-48b2-8002-8134b78b8a4d_728_97.jpg,null
8528e090-a6d8-48b2-8002-8134b78b8a4d_728_71.jpg,7
8528e090-a6d8-48b2-8002-8134b78b8a4d_793_70.jpg,47
8528e090-a6d8-48b2-8002-8134b78b8a4d_793_97.jpg,39
8528e090-a6d8-48b2-8002-8134b78b8a4d_938_124.jpg,24
8528e090-a6d8-48b2-8002-8134b78b8a4d_938_97.jpg,9
8528e090-a6d8-48b2-8002-8134b78b8a4d_998_124.jpg,null
8528e090-a6d8-48b2-8002-8134b78b8a4d_1057_127.jpg,22
8528e090-a6d8-48b2-8002-8134b78b8a4d_1057_97.jpg,10
8528e090-a6d8-48b2-8002-8134b78b8a4d_1094_127.jpg,22
8528e090-a6d8-48b2-8002-8134b78b8a4d_1108_97.jpg,11
8528e090-a6d8-48b2-8002-8134b78b8a4d_1113_127.jpg,22
8528e090-a6d8-48b2-8002-8134b78b8a4d_1541_209.jpg,22
8528e090-a6d8-48b2-8002-8134b78b8a4d_1781_231.jpg,25
8528e090-a6d8-48b2-8002-8134b78b8a4d_1784_231.jpg,25
8528e090-a6d8-48b2-8002-8134b78b8a4d_1837_231.jpg,25
8528e090-a6d8-48b2-8002-8134b78b8a4d_1945_261.jpg,10
8528e090-a6d8-48b2-8002-8134b78b8a4d_1945_253.jpg,20
8528e090-a6d8-48b2-8002-8134b78b8a4d_1945_252.jpg,6
8528e090-a6d8-48b2-8002-8134b78b8a4d_2435_317.jpg,21
8528e090-a6d8-48b2-8002-8134b78b8a4d_2723_387.jpg,20
8528e090-a6d8-48b2-8002-8134b78b8a4d_2723_370.jpg,6
8528e090-a6d8-48b2-8002-8134b78b8a4d_3036_395.jpg,25
8528e090-a6d8-48b2-8002-8134b78b8a4d_3045_395.jpg,15
8528e090-a6d8-48b2-8002-8134b78b8a4d_3110_513.jpg,24
8528e090-a6d8-48b2-8002-8134b78b8a4d_3153_513.jpg,24
8528e090-a6d8-48b2-8002-8134b78b8a4d_3501_543.jpg,9
8528e090-a6d8-48b2-8002-8134b78b8a4d_3501_577.jpg,6
8528e090-a6d8-48b2-8002-8134b78b8a4d_4875_788.jpg,4
8528e090-a6d8-48b2-8002-8134b78b8a4d_5430_918.jpg,1
8528e090-a6d8-48b2-8002-8134b78b8a4d_5768_928.jpg,11
e6ac4ae1-9be6-4c8d-9527-b1a03631d18f_2081_32.jpg,29
e6ac4ae1-9be6-4c8d-9527-b1a03631d18f_2081_30.jpg,2
e6ac4ae1-9be6-4c8d-9527-b1a03631d18f_3115_210.jpg,19
e6ac4ae1-9be6-4c8d-9527-b1a03631d18f_3403_235.jpg,5
e6ac4ae1-9be6-4c8d-9527-b1a03631d18f_3403_210.jpg,5
e6ac4ae1-9be6-4c8d-9527-b1a03631d18f_3415_235.jpg,15
e6ac4ae1-9be6-4c8d-9527-b1a03631d18f_3415_210.jpg,7
e6ac4ae1-9be6-4c8d-9527-b1a03631d18f_3426_210.jpg,25
e6ac4ae1-9be6-4c8d-9527-b1a03631d18f_3426_235.jpg,13
e6ac4ae1-9be6-4c8d-9527-b1a03631d18f_3450_210.jpg,22
e6ac4ae1-9be6-4c8d-9527-b1a03631d18f_3450_235.jpg,2
e6ac4ae1-9be6-4c8d-9527-b1a03631d18f_3493_210.jpg,22
e6ac4ae1-9be6-4c8d-9527-b1a03631d18f_3493_235.jpg,5
e6ac4ae1-9be6-4c8d-9527-b1a03631d18f_3588_210.jpg,2
e6ac4ae1-9be6-4c8d-9527-b1a03631d18f_3588_235.jpg,5
e6ac4ae1-9be6-4c8d-9527-b1a03631d18f_4155_267.jpg,3
e6ac4ae1-9be6-4c8d-9527-b1a03631d18f_4183_287.jpg,6
e6ac4ae1-9be6-4c8d-9527-b1a03631d18f_4183_294.jpg,16
e6ac4ae1-9be6-4c8d-9527-b1a03631d18f_4629_311.jpg,3
e6ac4ae1-9be6-4c8d-9527-b1a03631d18f_4704_306.jpg,4
e6ac4ae1-9be6-4c8d-9527-b1a03631d18f_5116_356.jpg,null
9358c30c-8258-4f31-98db-180ea78e1d3d_2031_32.jpg,9
9358c30c-8258-4f31-98db-180ea78e1d3d_2031_35.jpg,16
9358c30c-8258-4f31-98db-180ea78e1d3d_2031_30.jpg,2
9358c30c-8258-4f31-98db-180ea78e1d3d_2074_30.jpg,2
9358c30c-8258-4f31-98db-180ea78e1d3d_2074_32.jpg,23
9358c30c-8258-4f31-98db-180ea78e1d3d_2107_43.jpg,8
9358c30c-8258-4f31-98db-180ea78e1d3d_2181_44.jpg,7
9358c30c-8258-4f31-98db-180ea78e1d3d_2266_58.jpg,11
9358c30c-8258-4f31-98db-180ea78e1d3d_3014_210.jpg,9
9358c30c-8258-4f31-98db-180ea78e1d3d_3107_210.jpg,10
9358c30c-8258-4f31-98db-180ea78e1d3d_3117_210.jpg,10
9358c30c-8258-4f31-98db-180ea78e1d3d_3353_210.jpg,25
9358c30c-8258-4f31-98db-180ea78e1d3d_3353_235.jpg,15
9358c30c-8258-4f31-98db-180ea78e1d3d_3509_210.jpg,5
9358c30c-8258-4f31-98db-180ea78e1d3d_3509_235.jpg,5
9358c30c-8258-4f31-98db-180ea78e1d3d_3509_228.jpg,0
9358c30c-8258-4f31-98db-180ea78e1d3d_3567_210.jpg,2
9358c30c-8258-4f31-98db-180ea78e1d3d_3567_235.jpg,15
9358c30c-8258-4f31-98db-180ea78e1d3d_3670_235.jpg,3
9358c30c-8258-4f31-98db-180ea78e1d3d_3670_210.jpg,2
9358c30c-8258-4f31-98db-180ea78e1d3d_4092_266.jpg,4
9358c30c-8258-4f31-98db-180ea78e1d3d_4092_267.jpg,3
9358c30c-8258-4f31-98db-180ea78e1d3d_4109_267.jpg,3
9358c30c-8258-4f31-98db-180ea78e1d3d_4136_267.jpg,3
9358c30c-8258-4f31-98db-180ea78e1d3d_4139_267.jpg,3
9358c30c-8258-4f31-98db-180ea78e1d3d_4352_302.jpg,46
9358c30c-8258-4f31-98db-180ea78e1d3d_4531_306.jpg,23
9358c30c-8258-4f31-98db-180ea78e1d3d_4531_305.jpg,38
9358c30c-8258-4f31-98db-180ea78e1d3d_4542_305.jpg,38
9358c30c-8258-4f31-98db-180ea78e1d3d_4589_311.jpg,3
9358c30c-8258-4f31-98db-180ea78e1d3d_4614_311.jpg,3
9358c30c-8258-4f31-98db-180ea78e1d3d_4645_311.jpg,7
9358c30c-8258-4f31-98db-180ea78e1d3d_4677_306.jpg,7
9358c30c-8258-4f31-98db-180ea78e1d3d_4755_319.jpg,21
9358c30c-8258-4f31-98db-180ea78e1d3d_4762_319.jpg,23
f9d03f30-9ef2-48f4-b04d-62eb9ede891a_1427_22.jpg,null
f9d03f30-9ef2-48f4-b04d-62eb9ede891a_1713_24.jpg,2
f9d03f30-9ef2-48f4-b04d-62eb9ede891a_2014_32.jpg,8
f9d03f30-9ef2-48f4-b04d-62eb9ede891a_3102_210.jpg,10
f9d03f30-9ef2-48f4-b04d-62eb9ede891a_3337_210.jpg,25
f9d03f30-9ef2-48f4-b04d-62eb9ede891a_3337_235.jpg,5
f9d03f30-9ef2-48f4-b04d-62eb9ede891a_3337_247.jpg,null
f9d03f30-9ef2-48f4-b04d-62eb9ede891a_3358_210.jpg,25
f9d03f30-9ef2-48f4-b04d-62eb9ede891a_3358_235.jpg,15
f9d03f30-9ef2-48f4-b04d-62eb9ede891a_3413_235.jpg,13
f9d03f30-9ef2-48f4-b04d-62eb9ede891a_3426_210.jpg,23
f9d03f30-9ef2-48f4-b04d-62eb9ede891a_3426_235.jpg,15
f9d03f30-9ef2-48f4-b04d-62eb9ede891a_3478_210.jpg,22
f9d03f30-9ef2-48f4-b04d-62eb9ede891a_3542_210.jpg,2
f9d03f30-9ef2-48f4-b04d-62eb9ede891a_3542_235.jpg,15
f9d03f30-9ef2-48f4-b04d-62eb9ede891a_3543_210.jpg,25
f9d03f30-9ef2-48f4-b04d-62eb9ede891a_3543_235.jpg,15
f9d03f30-9ef2-48f4-b04d-62eb9ede891a_4057_267.jpg,3
f9d03f30-9ef2-48f4-b04d-62eb9ede891a_4057_254.jpg,5
f9d03f30-9ef2-48f4-b04d-62eb9ede891a_4065_267.jpg,3
f9d03f30-9ef2-48f4-b04d-62eb9ede891a_4179_294.jpg,6
f9d03f30-9ef2-48f4-b04d-62eb9ede891a_4179_287.jpg,5
f9d03f30-9ef2-48f4-b04d-62eb9ede891a_4348_302.jpg,36
f9d03f30-9ef2-48f4-b04d-62eb9ede891a_4587_311.jpg,3
f9d03f30-9ef2-48f4-b04d-62eb9ede891a_4721_319.jpg,27
f9d03f30-9ef2-48f4-b04d-62eb9ede891a_4721_306.jpg,4
f9d03f30-9ef2-48f4-b04d-62eb9ede891a_5179_380.jpg,null
01e04b68-e9d5-4a92-9d6a-51da105f8e35_2015_32.jpg,8
01e04b68-e9d5-4a92-9d6a-51da105f8e35_2020_32.jpg,8
01e04b68-e9d5-4a92-9d6a-51da105f8e35_2075_30.jpg,2
01e04b68-e9d5-4a92-9d6a-51da105f8e35_2075_32.jpg,89
01e04b68-e9d5-4a92-9d6a-51da105f8e35_2121_43.jpg,0
01e04b68-e9d5-4a92-9d6a-51da105f8e35_2228_44.jpg,7
01e04b68-e9d5-4a92-9d6a-51da105f8e35_3193_223.jpg,5
01e04b68-e9d5-4a92-9d6a-51da105f8e35_3333_210.jpg,25
01e04b68-e9d5-4a92-9d6a-51da105f8e35_3333_235.jpg,9
01e04b68-e9d5-4a92-9d6a-51da105f8e35_3334_210.jpg,25
01e04b68-e9d5-4a92-9d6a-51da105f8e35_3334_235.jpg,5
01e04b68-e9d5-4a92-9d6a-51da105f8e35_3335_210.jpg,25
01e04b68-e9d5-4a92-9d6a-51da105f8e35_3335_235.jpg,5
01e04b68-e9d5-4a92-9d6a-51da105f8e35_3358_210.jpg,25
01e04b68-e9d5-4a92-9d6a-51da105f8e35_3358_235.jpg,15
01e04b68-e9d5-4a92-9d6a-51da105f8e35_3465_235.jpg,5
01e04b68-e9d5-4a92-9d6a-51da105f8e35_3465_210.jpg,22
01e04b68-e9d5-4a92-9d6a-51da105f8e35_3465_228.jpg,20
01e04b68-e9d5-4a92-9d6a-51da105f8e35_3485_210.jpg,22
01e04b68-e9d5-4a92-9d6a-51da105f8e35_3485_235.jpg,7
01e04b68-e9d5-4a92-9d6a-51da105f8e35_3513_235.jpg,15
01e04b68-e9d5-4a92-9d6a-51da105f8e35_3513_210.jpg,25
01e04b68-e9d5-4a92-9d6a-51da105f8e35_3548_210.jpg,21
01e04b68-e9d5-4a92-9d6a-51da105f8e35_3548_235.jpg,15
01e04b68-e9d5-4a92-9d6a-51da105f8e35_3565_210.jpg,null
01e04b68-e9d5-4a92-9d6a-51da105f8e35_3565_235.jpg,15
01e04b68-e9d5-4a92-9d6a-51da105f8e35_3614_235.jpg,5
01e04b68-e9d5-4a92-9d6a-51da105f8e35_3647_210.jpg,2
01e04b68-e9d5-4a92-9d6a-51da105f8e35_3647_235.jpg,25
01e04b68-e9d5-4a92-9d6a-51da105f8e35_3697_210.jpg,2
01e04b68-e9d5-4a92-9d6a-51da105f8e35_3697_235.jpg,5
01e04b68-e9d5-4a92-9d6a-51da105f8e35_3815_251.jpg,27
01e04b68-e9d5-4a92-9d6a-51da105f8e35_4054_267.jpg,3
01e04b68-e9d5-4a92-9d6a-51da105f8e35_4054_254.jpg,5
01e04b68-e9d5-4a92-9d6a-51da105f8e35_4086_267.jpg,3
01e04b68-e9d5-4a92-9d6a-51da105f8e35_4086_266.jpg,4
01e04b68-e9d5-4a92-9d6a-51da105f8e35_4129_267.jpg,3
01e04b68-e9d5-4a92-9d6a-51da105f8e35_4129_287.jpg,9
01e04b68-e9d5-4a92-9d6a-51da105f8e35_4210_262.jpg,21
01e04b68-e9d5-4a92-9d6a-51da105f8e35_4210_300.jpg,7
01e04b68-e9d5-4a92-9d6a-51da105f8e35_4309_301.jpg,10
01e04b68-e9d5-4a92-9d6a-51da105f8e35_4580_311.jpg,3
01e04b68-e9d5-4a92-9d6a-51da105f8e35_4580_313.jpg,5
01e04b68-e9d5-4a92-9d6a-51da105f8e35_4601_311.jpg,3
