player_id,touches
-1,18
2,58
5,49
179,7
211,1
222,2
344,7
391,17
439,2
453,2
489,1
500,9
538,4
652,3
707,4
708,1
759,1
869,4
878,7
911,9
938,4
955,1
958,1
994,1
998,1
1041,6
1079,4
1081,1
1107,5
1135,2
1136,2
1186,1
1196,1
1247,1
1257,1
1287,4
1308,7
1422,3
1433,2
1455,4
1472,2
1476,1
1494,2
1564,6
1718,1
1867,1
1875,10
1909,4
1972,1
1977,1
2034,5
2165,5
2223,16
2279,5
2285,2
2302,1
2304,2
2306,23
2329,13
2421,1
2455,1
2467,2
2474,23
2537,1
2774,1
2834,5
2847,2
2849,1
2870,1
2899,4
2997,11
3025,8
3069,1
3070,2
3110,1
3134,3
3270,1
3313,8
3378,3
3413,7
3484,2
3529,1
3602,1
3614,2
3640,1
3661,1
3671,4
3945,9
4095,3
4102,18
4167,1
4188,2
4265,2
4281,2
4282,2
4319,1
4349,9
4399,1
4426,6
4459,1
4507,6
4526,3
4581,2
4595,6
4633,6
4698,1
4706,2
4769,1
4777,1
4794,1
4800,1
4814,2
4817,1
4835,1
4844,1
4856,1
4864,9
4956,1
5039,1
5043,2
5064,28
5120,6
5182,2
5187,1
5195,1
5201,10
5262,1
5340,1
5343,1
5352,1
5355,6
5363,3
5368,13
5373,1
5386,1
5399,4
5425,1
5476,11
5489,1
5498,5
5510,7
5659,1
5715,2
5777,1
5779,1
5809,3
5858,1
5867,1
5872,5
5905,5
5931,2
5934,1
5941,1
6186,1
6279,1
6493,11
6533,1
6547,1
6663,1
6736,1
6768,1
6804,2
6806,2
6877,2
6890,1
6896,3
6947,1
7065,2
7074,4
7182,1
7200,1
7232,1
7242,1
7244,1
7402,1
7412,3
7427,1
7436,2
7454,3
7479,1
7543,4
7561,1
7625,1
7628,1
7631,1
7634,5
7683,1
7704,1
7733,3
7764,1
7798,1
7817,2
7820,1
7822,6
7840,1
7841,1
7881,4
7962,1
7964,7
7970,2
7991,2
8038,1
8101,1
8151,2
8155,2
8157,18
8235,2
8289,3
8358,1
8360,1
8374,1
8382,14
8406,1
8449,1
8557,1
8573,1
8584,18
8602,1
8929,1
8973,2
8976,1
8987,1
8995,3
9004,1
9010,1
9015,1
9018,1
9072,9
9073,1
9205,1
9262,1
9313,1
9348,1
9407,1
9459,1
9555,1
9577,1
9582,1
9602,1
9614,1
9618,1
9622,1
9623,1
9627,1
9662,1
9834,1
9875,2
9880,1
9887,2
9891,1
9933,7
10007,2
10012,3
10086,2
10119,7
10169,3
10178,1
10216,6
10224,1
10227,2
10364,2
10416,1
10458,1
10466,1
10672,1
10694,6
10778,1
10798,1
10838,2
10846,34
10917,18
11065,1
11074,19
11110,1
11124,2
11171,1
11328,1
11329,1
11359,2
11362,1
11396,6
11433,1
11436,1
11507,2
11555,7
11589,1
11592,1
11593,1
11595,1
11601,4
11619,1
11623,1
11669,1
11718,1
11724,1
11768,2
11798,1
11808,1
11813,10
12072,1
12074,3
12085,1
12101,1
12495,1
12579,4
12660,7
12681,4
12711,7
12760,1
12825,5
12878,19
12894,14
12943,2
12987,1
13081,1
13113,1
13120,2
13122,3
13199,1
13205,3
13213,1
13224,1
13236,3
13237,5
13239,1
13325,7
13350,1
13353,15
13355,3
13470,8
13558,4
13683,2
13685,2
13699,1
13765,2
13799,1
13800,1
13829,7
13878,2
13883,12
13927,1
13931,1
13967,1
14005,1
14037,1
14057,1
14081,1
14097,2
14101,1
14109,1
14110,2
14118,1
14134,1
14136,1
14140,4
14173,1
14242,1
14245,3
14320,1
14352,4
14400,1
14461,2
14516,1
14519,1
14580,1
14583,1
14587,1
14618,1
14636,1
14648,2
14658,1
14685,3
14728,2
14763,1
14783,5
14806,1
14875,1
14878,1
14880,2
14955,13
15150,1
15469,2
15519,2
15548,1
15671,1
15699,2
15700,4
15721,1
15740,2
15820,2
15870,4
15889,1
15916,3
15923,1
15932,1
15959,1
15963,1
15974,1
16000,1
16003,2
16020,2
16053,8
16152,4
16275,1
16287,2
16308,1
16312,1
16315,1
16319,3
16345,1
16361,7
16374,2
16380,1
16410,1
16429,1
16433,12
16445,4
16495,1
16550,3
16571,1
16573,2
16610,1
16615,1
16632,7
16634,3
16759,1
16774,6
16853,8
16913,12
17013,4
17021,10
17097,9
17321,4
17383,1
17410,11
17411,7
17482,2
17489,1
17634,13
17705,1
17775,3
17782,5
17784,1
17785,1
17789,2
17865,4
17887,1
17889,5
17983,4
18042,3
18051,1
18086,2
18167,1
18210,1
18212,1
18215,16
18329,8
18372,2
18380,2
18395,3
18401,1
18423,2
18430,4
18448,1
18716,1
18780,1
18781,1
18782,3
18797,3
18882,1
18898,1
18931,1
18944,1
18986,3
18995,15
18996,2
19014,1
19191,1
19238,12
19260,1
19301,32
19395,1
19519,1
19679,10
19690,1
19695,1
19728,3
19777,3
19784,1
19792,1
19825,4
19903,1
19921,7
19936,1
19937,8
19964,9
20014,1
20020,1
20063,1
20103,1
20136,13
20202,12
20204,4
20206,12
20224,8
20227,1
20236,3
20298,3
20299,1
20331,3
20332,1
20353,10
20358,1
20388,10
20425,6
20454,3
20507,4
21187,17
21211,1
21220,6
21335,3
21362,1
21394,2
21420,7
21422,2
21423,3
21427,1
21524,1
21526,1
21531,6
21549,1
21583,1
21591,1
21608,1
21765,16
21786,1
21821,1
21868,4
21984,1
22013,1
22045,1
22054,1
22058,2
22060,3
22185,4
22215,1
22220,1
22232,1
22234,1
22239,1
22241,2
22261,1
22266,1
22296,1
22331,1
22337,1
22350,4
22439,26
22463,1
22467,1
22469,1
22473,1
22489,1
22504,1
22565,2
22637,4
22642,5
22655,5
22700,10
22714,1
22737,1
22743,3
22756,2
22767,2
22772,4
22869,14
22878,2
22880,1
22899,10
22902,14
22913,4
22962,8
23043,4
23048,2
23194,10
23308,1
23314,5
23382,1
23387,1
23564,1
23612,6
23651,1
23710,11
23767,1
23768,1
23771,2
23776,1
23810,1
23811,1
23812,2
23814,2
23883,2
23885,8
23887,5
23892,1
23905,2
23934,1
23939,1
23956,1
24010,15
24012,1
24025,4
24026,5
24030,1
24048,1
24051,2
24053,1
24058,7
24061,1
24069,3
24072,1
24099,3
24109,8
24121,1
24208,14
24214,1
24242,2
24254,2
24256,1
24288,1
24294,1
24302,6
24306,1
24331,2
24354,1
24385,1
24393,2
24410,1
24411,4
24443,1
24508,2
24518,4
24566,1
24624,2
24655,1
24706,2
24753,4
24755,1
24808,1
24813,1
24821,1
24863,1
24888,1
24910,3
24916,1
24932,2
24997,1
24998,6
25230,10
25309,1
25320,2
25322,5
25324,1
25382,17
25384,30
25390,4
25419,1
25424,1
25429,1
25434,1
25508,4
25559,5
25575,2
25656,2
25676,2
25688,1
25761,3
25776,4
25797,1
25801,1
25828,1
25833,3
25914,1
26158,1
26220,2
26296,1
26319,1
26327,2
26342,4
26346,1
26363,1
26416,2
26427,1
26642,1
26655,1
26783,3
26788,1
26816,6
26835,1
26874,15
26992,2
27015,2
27023,1
27077,1
27097,3
27107,2
27170,5
27176,4
27193,1
27225,1
27327,1
27382,3
27397,2
27445,3
27468,1
27496,5
27535,1
27655,6
27694,2
27717,1
27784,2
27990,6
28023,1
28048,1
28142,10
28143,17
28194,6
28247,1
28250,3
28259,1
28262,4
28265,11
28354,1
28384,3
28400,7
28439,1
28751,1
28775,1
28788,1
28790,1
28807,1
28810,2
28825,10
28839,1
28841,1
28874,6
28898,1
28909,1
28917,4
28936,3
28951,1
28993,1
29021,1
29183,15
29187,1
29248,1
29249,1
29250,7
29251,1
29260,1
29331,1
29419,1
29431,3
29457,2
29462,2
29468,7
29475,7
29632,1
29660,5
29665,10
29691,3
29705,4
29714,2
29817,1
29856,11
29861,1
29873,1
29876,4
29908,5
29935,2
29957,1
29975,1
29977,1
29983,1
30006,1
30036,1
30073,1
30075,1
30076,11
30077,1
30138,2
30146,3
30172,9
30200,1
30344,4
30381,1
30388,1
30391,1
30399,4
30444,1
30471,1
30502,4
30534,2
30536,7
30545,6
30548,1
30602,1
30755,1
30757,1
30823,3
30865,2
30894,2
30909,3
30931,2
30949,1
30954,1
30955,1
31000,1
31001,1
31002,3
31010,1
31016,1
31017,2
31024,1
31047,1
31064,1
31105,1
31136,1
31139,62
31140,1
31178,3
31195,1
31215,1
31218,1
31239,1
31288,1
31294,7
31420,1
31437,3
31533,6
31575,1
31583,1
31621,6
31626,6
31648,1
31657,12
31740,13
31784,3
31785,1
31799,3
31811,10
31859,7
31877,7
31879,7
31889,35
31975,1
32052,2
32054,1
32063,1
32073,1
32095,1
32106,1
32183,1
32238,2
32263,1
32265,1
32322,12
32325,1
32431,1
32440,1
32443,1
32450,2
32452,1
32472,1
32478,1
32493,2
32519,2
33039,11
33272,2
33286,1
33302,1
33306,2
33311,8
33319,2
33321,1
33324,1
33334,1
33341,1
33392,7
33464,1
33533,5
33628,1
33686,9
33812,2
33835,2
33917,12
34043,1
34059,1
34061,1
34067,5
34104,1
34110,4
34132,3
34146,1
34175,1
34176,1
34255,1
34316,1
34524,1
34569,2
34580,1
34582,1
34583,1
34627,1
34708,1
34720,1
34730,1
34751,14
34785,1
34792,13
34908,1
34917,1
34927,1
34984,2
35057,4
35174,3
35199,2
35214,1
35229,1
35239,2
35250,4
35264,7
35339,1
35354,1
35379,1
35407,1
35416,5
35433,1
35447,3
35468,1
35471,1
35499,1
35502,1
35516,1
35713,1
35731,1
36012,2
36023,4
36024,7
36025,8
36131,1
36188,1
36381,1
36477,1
36601,2
36685,1
36699,1
36722,1
36744,1
36807,3
36831,5
36858,1
36978,4
36992,2
36993,2
36995,6
37032,1
37050,2
37064,2
37067,3
37163,6
37171,3
37208,6
37253,1
37308,2
37340,1
37348,2
37394,13
37463,1
37553,1
37583,10
37642,3
37648,3
37681,1
37720,6
37765,3
37768,1
37804,11
37896,5
37912,2
37914,1
37983,3
37985,2
37996,1
38010,1
38037,2
38122,1
38140,2
38160,1
38198,1
38205,1
38210,1
38211,1
38229,2
38242,1
38279,3
38337,2
38354,1
38394,1
38441,1
38470,3
38487,1
38601,2
38636,1
38642,5
38658,2
38665,1
38674,2
38687,1
38702,1
38739,1
38776,1
38860,5
38942,1
38984,2
38989,41
39032,3
39034,2
39093,8
39097,18
39101,6
39137,1
39178,3
39229,1
39251,2
39329,1
39366,3
39368,5
39378,1
39379,21
39405,1
39411,2
39426,2
39429,1
39526,1
39538,1
39563,1
39623,2
39684,1
39688,4
39815,1
39822,8
39825,4
39828,1
39891,1
39892,4
39895,2
39988,41
40156,49
40265,14
40296,3
40345,2
40364,9
40456,4
40458,2
40470,1
40475,4
40539,2
40557,5
40559,1
40619,2
40631,2
40709,1
40777,8
40779,9
40786,2
40813,9
40848,1
40854,1
40877,3
40879,3
40881,1
40924,1
40927,1
41019,2
41069,2
41240,3
41304,1
41308,1
41312,1
41315,3
41322,1
41325,1
41326,6
41370,1
41372,1
41410,2
41519,1
41634,2
41692,3
41717,1
41745,9
41779,1
41789,1
41791,2
41807,1
41820,1
41874,1
41896,1
41922,10
41925,2
42023,1
42045,1
42058,5
42115,6
42181,2
42229,9
42230,2
42231,1
42234,1
42246,8
42295,10
42373,1
42491,1
42505,1
42531,1
42545,1
42550,1
42562,1
42569,1
42573,1
42578,1
42584,1
42603,1
42608,1
42610,1
42638,1
42666,6
42667,4
42708,2
42714,1
42762,1
42772,1
42828,8
43047,8
43056,2
43074,3
43106,1
43117,1
43120,5
43209,1
43214,1
43252,1
43280,2
43298,1
43305,1
43310,2
43318,1
43328,24
43335,3
43356,1
43426,3
43451,1
43459,1
43481,1
43488,1
43502,1
43526,2
43548,4
43551,10
43570,1
43610,1
43740,1
43741,3
43810,4
43845,1
43858,2
43897,1
43910,1
43914,12
43960,1
44049,1
44054,1
44059,3
44113,1
44118,1
44160,17
44197,12
44227,2
44307,1
44317,4
44320,6
44411,1
44470,5
44518,3
44525,8
44574,9
44639,1
44646,1
44769,2
44777,1
44800,1
44802,1
44811,1
44812,3
44831,1
44853,2
44879,1
44905,1
44909,1
44920,7
44946,3
45131,2
45152,1
45159,14
45206,1
45250,1
45272,8
45385,1
45391,3
45398,3
45450,4
45598,3
45609,12
45669,20
45750,1
45780,9
45877,1
45913,7
45921,1
45923,1
45969,4
45990,3
46081,2
46115,2
46121,2
46203,1
46207,2
46213,3
46279,12
46287,1
46304,2
46337,2
46357,1
46362,1
46387,1
46388,1
46391,5
46408,1
46490,1
46640,1
46664,1
46722,1
46826,11
46884,1
46912,1
46923,2
46947,1
46976,1
46977,5
47022,2
47032,8
47095,2
47179,11
47187,1
47252,1
47266,10
47309,3
47335,7
47418,1
47464,1
47477,3
47508,1
47550,1
47556,1
47565,2
47584,1
47599,1
47616,1
47619,1
47636,10
47656,1
47740,2
47788,2
47800,2
47801,1
47872,3
47884,4
47885,2
47894,3
47898,4
47916,10
47943,1
48003,5
48117,5
48180,1
48296,1
48345,9
48347,1
48357,1
48373,2
48452,2
48457,5
48461,4
48464,4
48470,7
48475,2
48695,2
48807,1
48830,1
48842,1
48875,4
48885,1
48960,1
48967,1
48984,1
49011,3
49097,3
49281,3
49285,1
49290,6
49310,2
49354,1
49424,1
49433,1
49464,1
49517,7
49520,6
49523,8
49534,1
49598,1
49690,1
49737,11
49833,13
49838,1
49914,1
49917,1
49950,3
49961,6
50005,3
50020,2
50028,2
50098,2
50306,2
50373,1
50386,1
50422,1
50423,1
50438,2
50439,2
50464,10
50580,18
50595,11
50602,2
50677,1
50760,3
50826,15
50828,15
50829,1
50841,2
51114,19
51182,1
51189,173
51565,320
51739,22
52042,1
52585,115
52740,12
52751,2
52805,6
52837,10
52965,4
53158,1
53197,180
53209,165
53298,2
53410,6
53508,1
53547,8
53698,1
53743,3
53784,2
53892,5
54056,1
54264,113
54602,2
55215,3
55364,102
56129,5
56175,2
56563,2
56566,26
56620,1
56637,1
56951,1
56955,1
56962,2
56996,1
57057,1
57059,1
57141,1
57172,1
57178,2
57264,1
57287,1
57306,3
57469,25
57537,1
57800,5
57832,2
57844,8
57873,3
57927,1
57931,1
57980,1
57996,14
58002,6
58035,3
58067,13
58119,6
58185,1
58216,2
58284,2
58446,16
58466,4
58468,1
58482,1
58509,1
58515,2
58548,16
58551,1
58554,1
58557,5
58571,1
58596,1
58648,1
58649,5
58676,6
58688,1
58703,2
58719,1
58760,2
58797,10
58798,1
58807,1
58820,2
58831,2
58893,1
58924,2
58948,2
58967,1
59209,3
59269,1
59289,2
59540,1
59590,1
59937,10
59974,1
59983,8
59999,1
60009,2
60034,1
60054,2
60056,1
60058,1
60066,1
60333,2
60437,1
60518,1
60542,3
60560,1
60573,1
60577,1
60583,1
60621,9
60623,2
60645,7
60846,12
60913,3
60959,2
61030,3
61034,2
61048,1
61050,1
61054,1
61075,2
61079,2
61248,1
61256,2
61257,5
61299,1
61314,7
61327,1
61344,1
61396,1
61454,1
61576,7
61639,9
61641,1
61651,1
61674,2
61711,9
61734,2
61738,11
61789,1
61902,1
61966,5
62010,1
62018,1
62024,1
62060,2
62085,17
62139,8
62213,2
62260,4
62321,6
62360,1
62376,1
62379,4
62452,1
62458,6
62478,1
62485,2
62509,6
62529,8
62632,8
62638,2
62666,1
62689,3
62697,1
62741,4
62756,1
62770,1
62774,1
62782,4
62786,1
62830,1
62848,2
62849,1
62918,1
62945,1
62954,1
62955,1
62964,1
63128,1
63138,1
63172,3
63212,14
63221,1
63226,1
63261,1
63271,3
63275,1
63350,1
63463,1
63472,4
63530,1
63550,1
63570,1
63576,4
63577,1
63580,1
63624,1
63652,7
63654,1
63656,1
63711,1
63716,8
63748,1
63789,1
63796,1
63810,1
63847,1
63854,5
63953,2
64048,1
64115,1
64116,1
64198,3
64233,4
64367,1
64384,1
64396,1
64420,28
64471,11
64529,3
64678,2
64683,1
64727,2
64773,2
64828,1
64833,2
64878,1
64899,2
64909,2
64921,1
65015,1
65032,1
65152,1
65184,21
65193,4
65277,2
65279,3
65298,1
65311,1
65332,2
65337,2
65397,8
65424,1
65425,1
65494,3
65505,1
65511,1
65515,4
65524,3
65546,1
65611,1
65665,19
65732,1
65740,9
65759,2
65768,12
66179,13
66216,1
66339,11
66470,2
66479,6
66490,2
66495,4
66551,1
66650,2
66709,1
66750,2
66770,1
66790,3
66815,7
66925,8
67194,1
67210,3
67225,1
67237,1
67277,6
67280,2
67281,1
67296,2
67301,4
67362,4
67390,2
67407,2
67471,1
67498,8
67502,5
67553,2
67556,1
67564,1
67580,1
67586,2
67622,22
67632,3
67673,2
67694,1
67844,18
67943,2
67968,3
67983,2
67987,3
68057,6
68066,3
68115,3
68212,2
68223,4
68230,1
68278,2
68312,1
68497,6
68514,2
68582,2
68599,2
68629,8
68706,1
68816,1
68817,3
68818,1
68825,1
68827,1
68837,8
68855,3
69082,1
69089,2
69112,1
69117,2
69118,1
69122,1
69149,1
69164,1
69165,3
69278,7
69428,3
69471,14
69490,1
69587,1
69595,5
69620,2
69646,3
69682,1
69702,11
69730,2
69750,1
69836,1
69846,13
69853,3
69881,2
69882,9
69937,10
70091,7
70123,3
70127,2
70139,2
70199,1
70208,6
70242,4
70398,13
70573,29
70583,2
70641,2
70792,1
70819,6
70943,1
70957,6
70966,1
71006,6
71017,1
71028,3
71056,5
71092,1
71102,1
71111,2
71140,11
71231,1
71240,1
71260,1
71276,7
71296,2
71377,2
71378,2
71379,4
71443,1
71454,1
71460,2
71465,1
71468,2
71471,3
71528,2
71542,3
71556,2
71560,1
71588,1
71589,1
71789,1
71824,1
71825,1
71830,6
71859,4
71903,1
71914,3
71932,2
71953,2
71971,1
72009,6
72016,8
72080,1
72097,5
72133,1
72136,2
72139,1
72145,1
72146,1
72171,20
72172,5
72211,1
72212,5
72265,1
72309,1
72310,5
72314,1
72315,1
72322,24
72323,1
72358,1
72360,2
72445,1
72455,1
72566,3
72573,1
72576,16
72577,3
72622,4
72707,2
72731,2
72768,3
72872,2
72951,1
72957,1
73031,3
73040,3
73063,3
73080,5
73102,39
73116,4
73120,7
73156,1
73173,20
73181,56
73361,1
73445,2
73498,2
73834,7
73846,2
73848,2
73864,1
73871,1
73878,1
73887,1
73925,6
73931,129
73974,1
74018,1
74073,9
74087,10
74222,5
74224,13
74230,4
74245,1
74247,2
74248,29
74283,28
74292,1
74303,1
74317,7
74361,1
74366,12
74472,1
74498,1
74503,2
74517,3
74534,6
74545,2
74566,4
74576,2
74639,1
74648,6
74953,8
74972,8
75020,2
75046,1
75075,1
75095,2
75097,1
75107,13
75154,2
75208,6
75317,5
75469,1
75476,1
75552,1
75555,1
75556,1
75578,4
75598,1
75599,1
75612,1
75657,2
75665,1
75690,1
75754,6
75838,7
75845,1
75848,1
75850,1
75901,1
75906,2
75943,1
75945,3
75958,1
75993,6
76053,1
76055,1
76076,1
76107,4
76145,1
76155,5
76159,1
76189,1
76211,6
76237,1
76261,6
76271,10
76319,9
76371,2
76425,2
76439,3
76444,2
76459,1
76506,1
76528,1
76558,1
76576,1
76585,3
76589,8
76711,1
76729,7
76740,12
76791,1
76798,2
76980,1
77111,4
77655,2
77667,1
77669,1
77681,6
77700,5
77722,12
77756,1
77768,2
77815,17
77830,2
77846,3
77847,3
77849,1
77852,3
77867,5
77888,21
77900,2
77901,2
77949,3
78173,1
78245,1
78246,1
78279,3
78372,1
78417,5
79093,1
79123,1
79142,1
79177,30
79194,11
79305,1
79357,1
79370,2
79401,16
79408,2
79461,2
79542,1
79592,1
79603,1
79613,1
79623,1
79638,1
79650,3
79652,1
79926,5
79990,1
80005,2
80017,1
80030,2
80065,1
80068,1
80075,1
80077,1
80210,1
80326,202
80355,2
80361,1
80369,2
80375,28
80433,86
80525,2
80539,5
80556,1
80639,3
80718,1
80819,1
80820,1
80831,29
80844,1
80847,101
80896,1
80935,2
80972,1
81014,1
81026,3
81085,1
81094,2
81128,2
81218,2
81277,9
81349,1
81351,1
81395,7
81420,6
81422,1
81430,1
81443,1
81459,1
81496,1
81498,3
81500,1
81534,1
81566,1
81582,1
81584,1
81702,4
81727,3
81786,1
81868,1
81923,4
81943,1
81946,1
82124,6
82177,2
82246,1
82454,2
82564,15
82576,1
82617,4
82633,2
82733,1
82748,2
82967,3
83036,1
83113,1
83234,3
83302,5
83313,6
83358,2
83387,1
83433,1
83447,10
83485,1
83572,1
83587,3
83589,1
83604,7
83619,3
83637,2
83646,3
83648,1
83687,1
83797,1
83799,1
83880,19
83907,4
83972,17
83973,2
84019,3
84041,3
84108,1
84150,46
84173,21
84223,1
84236,1
84255,4
84275,1
84288,2
84322,1
84329,64
84377,2
84382,1
84419,3
84437,1
84442,1
84504,1
84552,1
84568,1
84573,1
84593,7
84597,25
84607,1
84628,14
84629,11
84722,15
84725,1
84782,1
84794,1
84795,2
84917,1
84939,1
84969,1
84996,6
85030,1
85058,2
85061,4
85108,2
85154,9
85209,4
85268,1
85293,2
85301,2
85322,2
85339,1
85340,3
85394,3
85781,1
85846,1
85849,7
85903,3
85905,9
85930,1
85955,1
86036,2
86057,1
86148,3
86248,1
86266,3
86288,2
86368,1
86390,1
86440,12
86501,1
86510,1
86517,7
86607,1
86609,1
86627,1
86644,1
86718,2
86722,4
86729,1
86741,2
86797,1
86814,3
86923,4
86995,1
86996,1
87009,10
87013,1
87111,3
87140,1
87180,4
87185,2
87330,1
87349,1
87353,1
87369,4
87405,1
87423,1
87808,5
87814,3
87857,12
87884,1
87907,2
87970,1
88007,3
88020,2
88039,7
88041,2
88063,1
88136,1
88199,1
88203,1
88269,1
88331,3
88332,1
88357,3
88358,2
88371,1
88399,7
88432,2
88440,5
88452,3
88466,1
88504,7
88523,3
88552,1
88615,1
88621,1
88658,21
88676,4
88681,1
88682,1
88751,5
88760,2
88913,5
88928,1
88929,1
88985,1
89190,12
89404,5
89415,1
89429,1
89569,1
89586,4
89598,2
89601,5
89621,1
89625,1
89633,2
89635,6
89727,1
89813,1
89839,1
89844,1
89849,1
89850,1
89867,2
89872,1
89883,6
89885,1
89944,1
90009,1
90038,2
90110,3
90114,1
90136,1
90392,1
90452,1
90490,1
90527,1
90604,13
90624,8
90626,1
90666,1
90751,2
90756,14
90759,17
91060,5
91161,1
91172,3
91188,3
91192,1
91319,1
91399,11
91483,3
91551,6
91635,3
91651,1
91687,1
91745,2
91753,1
91785,7
91796,3
91819,4
91872,1
91879,2
92331,1
92332,1
92387,1
92397,1
92418,1
92423,1
92427,6
92432,2
92436,19
92444,4
92448,1
92468,2
92469,7
92470,2
92568,5
92607,20
92658,7
92677,3
92686,1
92687,1
92705,1
92739,3
92927,1
92994,3
92998,2
92999,6
93081,2
93384,2
93414,1
93560,3
93592,8
93749,7
93751,3
93752,1
93763,1
93772,2
93773,14
93915,6
93916,3
93930,10
94035,1
94052,5
94056,2
94075,1
94083,3
94267,7
94378,4
94456,16
94502,1
94509,1
94516,4
94550,1
94693,3
94694,1
94699,1
94700,4
94703,1
94705,1
94706,1
94714,2
94754,1
94756,7
94761,1
94775,1
94778,2
94797,1
94860,1
95083,4
95084,1
95099,1
95213,1
95223,12
95276,2
95337,6
95340,1
95395,1
95397,6
95451,1
95453,2
95470,1
95473,1
95477,1
95483,2
95495,2
95510,1
95514,1
95522,1
95546,2
95565,2
95567,1
95632,1
95633,4
95652,4
95654,2
95696,1
95700,1
95706,1
95710,1
95718,1
95735,1
95761,1
95788,1
95797,4
95828,5
95890,3
96003,1
96081,1
96149,1
96197,1
96401,1
96446,51
96506,1
96667,1
96676,1
96679,3
96684,1
96685,1
96689,1
96697,2
96704,1
96711,1
96784,1
96812,2
96840,1
96842,1
96900,1
96904,1
96985,7
97067,2
97077,1
97086,2
97101,4
97195,1
97202,3
97207,1
97220,3
97233,1
97234,5
97236,1
97242,2
97265,1
97266,3
97270,3
97302,1
97327,3
97379,1
97382,4
97397,1
97398,12
97401,5
97440,3
97462,2
97483,3
97569,7
97582,3
97590,1
97601,1
97673,1
97737,1
97760,1
97776,1
97780,1
97789,4
97802,1
97832,1
97870,1
97872,8
97901,1
97909,1
97951,1
97957,1
97962,1
97971,1
97977,1
97986,2
97991,17
98021,1
98026,13
98060,1
98061,1
98062,1
98068,5
98086,1
98089,1
98095,1
98107,2
98289,1
98352,3
98381,1
98383,13
98389,1
98396,1
98402,1
98407,1
98408,16
98507,2
98569,1
98571,1
98605,8
98647,1
98699,2
98706,4
98711,2
98738,4
98739,12
98783,1
98911,2
98915,5
98961,5
98964,13
99055,1
99109,15
99110,19
99507,1
99530,10
99545,1
99606,7
99608,1
99625,1
99635,1
99647,1
99652,5
99663,1
99671,2
99693,2
99694,3
99708,2
99730,1
99732,8
99803,1
99809,1
99811,1
99819,1
99820,1
99822,1
99849,1
99857,1
99871,4
99901,1
99915,1
99951,1
99952,9
100111,1
100136,1
100155,4
100250,15
100321,1
100332,1
100344,15
100378,1
100447,2
100455,3
100466,1
101147,1
101161,5
101170,1
101171,1
101220,3
101234,31
101271,1
101291,1
101307,1
101311,5
101320,1
101406,2
101441,2
101805,3
101857,1
101879,2
101885,1
101912,1
101914,2
101918,1
101922,2
101931,2
101973,1
101978,1
102018,1
102027,4
102044,1
102047,1
102052,1
102058,1
102067,2
102072,1
102089,5
102184,1
102186,5
102304,44
102305,1
102310,1
102325,1
102356,1
102465,4
102697,1
102948,1
103163,1
103203,2
103241,6
103304,1
103328,5
103375,4
103381,1
103403,1
103413,1
103428,1
103431,2
103441,8
103465,1
103476,2
103497,1
103514,3
103515,17
103519,1
103523,1
103542,1
103606,5
103613,1
103628,1
103639,5
103659,6
103660,1
103662,2
103667,1
103669,3
103679,3
103689,2
103705,2
103707,1
103711,1
103714,1
103724,1
103747,1
103753,1
103762,5
103782,21
103783,1
103855,1
103859,1
103860,1
103867,1
103878,1
103889,3
103891,1
103893,1
103904,1
103945,5
103955,5
103965,4
103967,1
103971,1
103975,4
104040,3
104095,1
104104,1
104112,2
104148,8
104164,5
104168,2
104311,2
104366,1
104396,2
104438,7
104444,1
104484,3
104501,9
104508,1
104536,1
104589,16
104596,5
104599,4
104631,10
104663,154
104668,10
104743,1
104973,6
105043,1
105074,1
105211,2
105213,1
105220,1
105236,1
105241,4
105249,11
105253,1
105270,7
105316,1
105373,3
105375,9
105383,2
105447,1
105472,3
105488,1
105492,4
105557,1
105613,5
105637,9
105649,1
105677,2
105690,2
105722,11
105767,18
105776,2
105791,3
105808,20
105827,34
105848,7
105865,2
106046,6
106090,2
106179,5
106209,1
106244,1
106245,5
106250,4
106267,5
106268,2
106273,3
106370,1
106371,1
106372,1
